-- MySQL dump 10.13  Distrib 8.0.42, for Win64 (x86_64)
--
-- Host: 127.0.0.1    Database: ry-vue
-- ------------------------------------------------------
-- Server version	8.0.42

/*!40101 SET @OLD_CHARACTER_SET_CLIENT=@@CHARACTER_SET_CLIENT */;
/*!40101 SET @OLD_CHARACTER_SET_RESULTS=@@CHARACTER_SET_RESULTS */;
/*!40101 SET @OLD_COLLATION_CONNECTION=@@COLLATION_CONNECTION */;
/*!50503 SET NAMES utf8 */;
/*!40103 SET @OLD_TIME_ZONE=@@TIME_ZONE */;
/*!40103 SET TIME_ZONE='+00:00' */;
/*!40014 SET @OLD_UNIQUE_CHECKS=@@UNIQUE_CHECKS, UNIQUE_CHECKS=0 */;
/*!40014 SET @OLD_FOREIGN_KEY_CHECKS=@@FOREIGN_KEY_CHECKS, FOREIGN_KEY_CHECKS=0 */;
/*!40101 SET @OLD_SQL_MODE=@@SQL_MODE, SQL_MODE='NO_AUTO_VALUE_ON_ZERO' */;
/*!40111 SET @OLD_SQL_NOTES=@@SQL_NOTES, SQL_NOTES=0 */;

--
-- Table structure for table `biz_addr`
--

DROP TABLE IF EXISTS `biz_addr`;
/*!40101 SET @saved_cs_client     = @@character_set_client */;
/*!50503 SET character_set_client = utf8mb4 */;
CREATE TABLE `biz_addr` (
  `addr_id` bigint unsigned NOT NULL AUTO_INCREMENT COMMENT '地址ID',
  `client_id` bigint unsigned NOT NULL COMMENT '所属用户(biz_client)',
  `addr_name` varchar(64) NOT NULL COMMENT '姓名',
  `addr_tel` varchar(20) NOT NULL COMMENT '电话',
  `addr_prov` varchar(64) NOT NULL COMMENT '省',
  `addr_city` varchar(64) NOT NULL COMMENT '市',
  `addr_dist` varchar(64) NOT NULL COMMENT '区县',
  `addr_detail` varchar(255) NOT NULL COMMENT '详细地址',
  `is_default` tinyint(1) NOT NULL DEFAULT '0' COMMENT '是否默认地址',
  `created_at` datetime NOT NULL DEFAULT CURRENT_TIMESTAMP COMMENT '创建时间',
  `updated_at` datetime NOT NULL DEFAULT CURRENT_TIMESTAMP ON UPDATE CURRENT_TIMESTAMP COMMENT '更新时间',
  PRIMARY KEY (`addr_id`),
  KEY `idx_addr_client` (`client_id`),
  CONSTRAINT `fk_addr_client` FOREIGN KEY (`client_id`) REFERENCES `biz_client` (`client_id`) ON DELETE CASCADE ON UPDATE CASCADE
) ENGINE=InnoDB AUTO_INCREMENT=11 DEFAULT CHARSET=utf8mb4 COLLATE=utf8mb4_0900_ai_ci COMMENT='用户地址簿';
/*!40101 SET character_set_client = @saved_cs_client */;

--
-- Dumping data for table `biz_addr`
--

LOCK TABLES `biz_addr` WRITE;
/*!40000 ALTER TABLE `biz_addr` DISABLE KEYS */;
INSERT INTO `biz_addr` VALUES (1,1,'张三','13800000001','上海市','上海市','徐汇区','桂林路100号',1,'2025-12-15 23:20:16','2025-12-15 23:20:16'),(2,1,'张三','13800000001','上海市','上海市','奉贤区','海思路500号',0,'2025-12-15 23:20:16','2025-12-15 23:20:16'),(3,2,'李四','13800000002','北京市','北京市','海淀区','中关村南大街27号',1,'2025-12-15 23:20:16','2025-12-15 23:20:16'),(4,3,'王五','13800000003','广东省','广州市','天河区','珠江新城花城大道',1,'2025-12-15 23:20:16','2025-12-15 23:20:16'),(5,4,'赵六','13800000004','上海市','上海市','浦东新区','世纪大道88号',1,'2025-12-15 23:20:16','2025-12-15 23:20:16'),(6,1,'张三','13800000001','上海市','上海市','徐汇区','桂林路100号',1,'2025-12-15 23:21:11','2025-12-15 23:21:11'),(7,1,'张三','13800000001','上海市','上海市','奉贤区','海思路500号',0,'2025-12-15 23:21:11','2025-12-15 23:21:11'),(8,2,'李四','13800000002','北京市','北京市','海淀区','中关村南大街27号',1,'2025-12-15 23:21:11','2025-12-15 23:21:11'),(9,3,'王五','13800000003','广东省','广州市','天河区','珠江新城花城大道',1,'2025-12-15 23:21:11','2025-12-15 23:21:11'),(10,4,'赵六','13800000004','上海市','上海市','浦东新区','世纪大道88号',1,'2025-12-15 23:21:11','2025-12-15 23:21:11');
/*!40000 ALTER TABLE `biz_addr` ENABLE KEYS */;
UNLOCK TABLES;

--
-- Table structure for table `biz_client`
--

DROP TABLE IF EXISTS `biz_client`;
/*!40101 SET @saved_cs_client     = @@character_set_client */;
/*!50503 SET character_set_client = utf8mb4 */;
CREATE TABLE `biz_client` (
  `client_id` bigint unsigned NOT NULL AUTO_INCREMENT COMMENT '业务用户ID',
  `client_name` varchar(64) NOT NULL COMMENT '用户姓名',
  `client_tel` varchar(20) NOT NULL COMMENT '手机号',
  `client_status` enum('正常','冻结','注销') NOT NULL DEFAULT '正常' COMMENT '用户状态',
  `created_at` datetime NOT NULL DEFAULT CURRENT_TIMESTAMP COMMENT '创建时间',
  `updated_at` datetime NOT NULL DEFAULT CURRENT_TIMESTAMP ON UPDATE CURRENT_TIMESTAMP COMMENT '更新时间',
  PRIMARY KEY (`client_id`),
  UNIQUE KEY `uk_client_tel` (`client_tel`)
) ENGINE=InnoDB AUTO_INCREMENT=5 DEFAULT CHARSET=utf8mb4 COLLATE=utf8mb4_0900_ai_ci COMMENT='业务用户表';
/*!40101 SET character_set_client = @saved_cs_client */;

--
-- Dumping data for table `biz_client`
--

LOCK TABLES `biz_client` WRITE;
/*!40000 ALTER TABLE `biz_client` DISABLE KEYS */;
INSERT INTO `biz_client` VALUES (1,'张三','13800000001','正常','2025-12-15 23:17:19','2025-12-15 23:17:19'),(2,'李四','13800000002','正常','2025-12-15 23:17:19','2025-12-15 23:17:19'),(3,'王五','13800000003','正常','2025-12-15 23:17:19','2025-12-15 23:17:19'),(4,'赵六','13800000004','正常','2025-12-15 23:17:19','2025-12-15 23:17:19');
/*!40000 ALTER TABLE `biz_client` ENABLE KEYS */;
UNLOCK TABLES;

--
-- Table structure for table `biz_pack`
--

DROP TABLE IF EXISTS `biz_pack`;
/*!40101 SET @saved_cs_client     = @@character_set_client */;
/*!50503 SET character_set_client = utf8mb4 */;
CREATE TABLE `biz_pack` (
  `pack_id` bigint unsigned NOT NULL AUTO_INCREMENT COMMENT '包裹ID',
  `sender_id` bigint unsigned NOT NULL COMMENT '寄件用户(biz_client)',
  `sender_prov` varchar(64) NOT NULL COMMENT '寄件省',
  `sender_city` varchar(64) NOT NULL COMMENT '寄件市',
  `sender_dist` varchar(64) NOT NULL COMMENT '寄件区县',
  `sender_addr_detail` varchar(255) NOT NULL COMMENT '寄件详细地址',
  `receiver_id` bigint unsigned DEFAULT NULL COMMENT '收件用户ID，可为空',
  `receiver_name` varchar(64) NOT NULL COMMENT '收件人姓名',
  `receiver_tel` varchar(20) NOT NULL COMMENT '收件人手机号',
  `receiver_prov` varchar(64) NOT NULL COMMENT '收件省',
  `receiver_city` varchar(64) NOT NULL COMMENT '收件市',
  `receiver_dist` varchar(64) NOT NULL COMMENT '收件区县',
  `receiver_addr_detail` varchar(255) NOT NULL COMMENT '收件详细地址',
  `weight` decimal(8,3) DEFAULT NULL COMMENT '重量',
  `volume` decimal(10,4) DEFAULT NULL COMMENT '体积',
  `note` varchar(500) DEFAULT NULL COMMENT '备注',
  `is_dangerous` tinyint(1) NOT NULL DEFAULT '0' COMMENT '是否危险品',
  `is_fragile` tinyint(1) NOT NULL DEFAULT '0' COMMENT '是否易碎',
  `is_urgent` tinyint(1) NOT NULL DEFAULT '0' COMMENT '是否加急',
  `status` enum('待揽收','寄出待核验','寄出已核验','运输中','到站待核验','入库已核验','待上架','待取件','已取件','拒收','退件','异常') NOT NULL DEFAULT '待揽收' COMMENT '包裹状态',
  `pickup_code` varchar(16) DEFAULT NULL COMMENT '取件码（入库后生成）',
  `created_at` datetime NOT NULL DEFAULT CURRENT_TIMESTAMP COMMENT '创建时间',
  `updated_at` datetime NOT NULL DEFAULT CURRENT_TIMESTAMP ON UPDATE CURRENT_TIMESTAMP COMMENT '更新时间',
  PRIMARY KEY (`pack_id`),
  UNIQUE KEY `uk_pickup_code` (`pickup_code`),
  KEY `idx_pack_client` (`sender_id`),
  KEY `idx_pack_status` (`status`),
  CONSTRAINT `fk_pack_client` FOREIGN KEY (`sender_id`) REFERENCES `biz_client` (`client_id`) ON DELETE RESTRICT ON UPDATE CASCADE
) ENGINE=InnoDB AUTO_INCREMENT=10 DEFAULT CHARSET=utf8mb4 COLLATE=utf8mb4_0900_ai_ci COMMENT='包裹表（地址文本化，不关联地址表）';
/*!40101 SET character_set_client = @saved_cs_client */;

--
-- Dumping data for table `biz_pack`
--

LOCK TABLES `biz_pack` WRITE;
/*!40000 ALTER TABLE `biz_pack` DISABLE KEYS */;
INSERT INTO `biz_pack` VALUES (1,1,'上海市','上海市','徐汇区','桂林路100号',2,'李四','13800000002','北京市','北京市','海淀区','中关村南大街27号',1.850,0.0105,'书籍资料',0,0,0,'寄出已核验',NULL,'2025-12-15 23:20:16','2025-12-15 23:20:16'),(2,2,'北京市','北京市','海淀区','中关村南大街27号',4,'赵六','13800000004','上海市','上海市','奉贤区','上师大奉贤校区',3.200,0.0320,'生活用品',0,1,0,'入库已核验','1111','2025-12-15 00:00:00','2025-12-15 00:00:00'),(3,3,'广东省','广州市','天河区','珠江新城花城大道',1,'张三','13800000001','上海市','上海市','徐汇区','上师大徐汇校区',0.950,0.0042,'文件袋',0,0,1,'待取件','2222','2025-12-15 00:00:00','2025-12-15 00:00:00');
/*!40000 ALTER TABLE `biz_pack` ENABLE KEYS */;
UNLOCK TABLES;

--
-- Table structure for table `biz_pack_flow`
--

DROP TABLE IF EXISTS `biz_pack_flow`;
/*!40101 SET @saved_cs_client     = @@character_set_client */;
/*!50503 SET character_set_client = utf8mb4 */;
CREATE TABLE `biz_pack_flow` (
  `flow_id` bigint unsigned NOT NULL AUTO_INCREMENT COMMENT '流转记录ID',
  `pack_id` bigint unsigned NOT NULL COMMENT '包裹ID',
  `station_id` bigint unsigned NOT NULL COMMENT '驿站ID（在哪个站点发生）',
  `admin_user_id` bigint DEFAULT NULL COMMENT '操作管理员(sys_user)',
  `action` enum('寄出核验','入库核验','上架','出库','分拣','到站','取件','其他') NOT NULL COMMENT '流转动作',
  `action_note` varchar(500) DEFAULT NULL COMMENT '备注',
  `created_at` datetime NOT NULL DEFAULT CURRENT_TIMESTAMP COMMENT '操作时间',
  PRIMARY KEY (`flow_id`),
  KEY `idx_flow_pack` (`pack_id`),
  KEY `idx_flow_station` (`station_id`),
  KEY `idx_flow_admin` (`admin_user_id`),
  CONSTRAINT `fk_flow_admin` FOREIGN KEY (`admin_user_id`) REFERENCES `sys_user` (`user_id`) ON DELETE SET NULL ON UPDATE CASCADE,
  CONSTRAINT `fk_flow_pack` FOREIGN KEY (`pack_id`) REFERENCES `biz_pack` (`pack_id`) ON DELETE CASCADE ON UPDATE CASCADE,
  CONSTRAINT `fk_flow_station` FOREIGN KEY (`station_id`) REFERENCES `biz_station` (`station_id`) ON DELETE CASCADE ON UPDATE CASCADE
) ENGINE=InnoDB AUTO_INCREMENT=16 DEFAULT CHARSET=utf8mb4 COLLATE=utf8mb4_0900_ai_ci COMMENT='包裹流转记录';
/*!40101 SET character_set_client = @saved_cs_client */;

--
-- Dumping data for table `biz_pack_flow`
--

LOCK TABLES `biz_pack_flow` WRITE;
/*!40000 ALTER TABLE `biz_pack_flow` DISABLE KEYS */;
INSERT INTO `biz_pack_flow` VALUES (11,1,2,102,'寄出核验','徐汇驿站寄出核验完成','2025-12-15 23:22:22'),(12,1,1,101,'到站','包裹到达奉贤驿站','2025-12-15 23:22:22'),(13,2,1,101,'入库核验','奉贤驿站入库完成','2025-12-15 23:22:22'),(14,2,1,101,'上架','奉贤A区2号货架','2025-12-15 23:22:22'),(15,3,2,102,'入库核验','徐汇驿站入库完成','2025-12-15 23:22:22');
/*!40000 ALTER TABLE `biz_pack_flow` ENABLE KEYS */;
UNLOCK TABLES;

--
-- Table structure for table `biz_pack_rejection`
--

DROP TABLE IF EXISTS `biz_pack_rejection`;
/*!40101 SET @saved_cs_client     = @@character_set_client */;
/*!50503 SET character_set_client = utf8mb4 */;
CREATE TABLE `biz_pack_rejection` (
  `reject_id` bigint unsigned NOT NULL AUTO_INCREMENT COMMENT '记录ID',
  `pack_id` bigint unsigned NOT NULL COMMENT '包裹ID',
  `reject_by` bigint DEFAULT NULL COMMENT '操作人（sys_user）',
  `reject_reason` varchar(255) NOT NULL COMMENT '拒收原因',
  `created_at` datetime NOT NULL DEFAULT CURRENT_TIMESTAMP COMMENT '记录时间',
  PRIMARY KEY (`reject_id`),
  KEY `idx_reject_pack` (`pack_id`),
  KEY `fk_reject_user` (`reject_by`),
  CONSTRAINT `fk_reject_pack` FOREIGN KEY (`pack_id`) REFERENCES `biz_pack` (`pack_id`) ON DELETE CASCADE ON UPDATE CASCADE,
  CONSTRAINT `fk_reject_user` FOREIGN KEY (`reject_by`) REFERENCES `sys_user` (`user_id`) ON DELETE SET NULL ON UPDATE CASCADE
) ENGINE=InnoDB AUTO_INCREMENT=2 DEFAULT CHARSET=utf8mb4 COLLATE=utf8mb4_0900_ai_ci COMMENT='拒收/退件记录';
/*!40101 SET character_set_client = @saved_cs_client */;

--
-- Dumping data for table `biz_pack_rejection`
--

LOCK TABLES `biz_pack_rejection` WRITE;
/*!40000 ALTER TABLE `biz_pack_rejection` DISABLE KEYS */;
INSERT INTO `biz_pack_rejection` VALUES (1,2,101,'收件人临时外出，申请退件','2025-12-15 23:22:23');
/*!40000 ALTER TABLE `biz_pack_rejection` ENABLE KEYS */;
UNLOCK TABLES;

--
-- Table structure for table `biz_pack_verify`
--

DROP TABLE IF EXISTS `biz_pack_verify`;
/*!40101 SET @saved_cs_client     = @@character_set_client */;
/*!50503 SET character_set_client = utf8mb4 */;
CREATE TABLE `biz_pack_verify` (
  `verify_id` bigint unsigned NOT NULL AUTO_INCREMENT COMMENT '审核记录ID',
  `pack_id` bigint unsigned NOT NULL COMMENT '包裹ID',
  `station_id` bigint unsigned NOT NULL COMMENT '驿站ID',
  `admin_user_id` bigint DEFAULT NULL COMMENT '审核管理员ID',
  `verify_type` enum('寄出核验','入站核验') NOT NULL COMMENT '审核类型',
  `verify_status` enum('待审核','通过','不通过') NOT NULL DEFAULT '待审核' COMMENT '审核状态',
  `verify_note` varchar(500) DEFAULT NULL COMMENT '审核备注',
  `verified_at` datetime DEFAULT NULL COMMENT '审核时间',
  `created_at` datetime NOT NULL DEFAULT CURRENT_TIMESTAMP COMMENT '创建时间',
  PRIMARY KEY (`verify_id`),
  KEY `idx_verify_pack` (`pack_id`),
  KEY `idx_verify_post` (`station_id`),
  KEY `fk_verify_admin` (`admin_user_id`),
  CONSTRAINT `fk_verify_admin` FOREIGN KEY (`admin_user_id`) REFERENCES `sys_user` (`user_id`) ON DELETE SET NULL ON UPDATE CASCADE,
  CONSTRAINT `fk_verify_pack` FOREIGN KEY (`pack_id`) REFERENCES `biz_pack` (`pack_id`) ON DELETE CASCADE ON UPDATE CASCADE,
  CONSTRAINT `fk_verify_station` FOREIGN KEY (`station_id`) REFERENCES `biz_station` (`station_id`) ON DELETE CASCADE ON UPDATE CASCADE
) ENGINE=InnoDB AUTO_INCREMENT=4 DEFAULT CHARSET=utf8mb4 COLLATE=utf8mb4_0900_ai_ci COMMENT='包裹审核记录';
/*!40101 SET character_set_client = @saved_cs_client */;

--
-- Dumping data for table `biz_pack_verify`
--

LOCK TABLES `biz_pack_verify` WRITE;
/*!40000 ALTER TABLE `biz_pack_verify` DISABLE KEYS */;
INSERT INTO `biz_pack_verify` VALUES (1,1,2,102,'寄出核验','通过','寄件信息正确','2025-12-15 23:22:23','2025-12-15 23:22:23'),(2,2,1,101,'入站核验','通过','包裹完好','2025-12-15 23:22:23','2025-12-15 23:22:23'),(3,3,2,102,'入站核验','通过','加急件优先处理','2025-12-15 23:22:23','2025-12-15 23:22:23');
/*!40000 ALTER TABLE `biz_pack_verify` ENABLE KEYS */;
UNLOCK TABLES;

--
-- Table structure for table `biz_station`
--

DROP TABLE IF EXISTS `biz_station`;
/*!40101 SET @saved_cs_client     = @@character_set_client */;
/*!50503 SET character_set_client = utf8mb4 */;
CREATE TABLE `biz_station` (
  `station_id` bigint unsigned NOT NULL AUTO_INCREMENT COMMENT '驿站ID',
  `dept_id` bigint NOT NULL COMMENT '对应部门ID（一对一）',
  `station_prov` varchar(64) NOT NULL COMMENT '省',
  `station_city` varchar(64) NOT NULL COMMENT '市',
  `station_dist` varchar(64) NOT NULL COMMENT '区县',
  `station_addr` varchar(255) NOT NULL COMMENT '详细地址',
  `contact_user_id` bigint DEFAULT NULL COMMENT '负责人ID',
  `status` enum('待审核','正常','停用') NOT NULL DEFAULT '待审核' COMMENT '驿站状态',
  `tel` varchar(20) DEFAULT NULL COMMENT '联系电话',
  `created_at` datetime NOT NULL DEFAULT CURRENT_TIMESTAMP COMMENT '创建时间',
  `updated_at` datetime NOT NULL DEFAULT CURRENT_TIMESTAMP ON UPDATE CURRENT_TIMESTAMP COMMENT '更新时间',
  PRIMARY KEY (`station_id`),
  UNIQUE KEY `uk_station_dept` (`dept_id`),
  KEY `fk_station_contact_user` (`contact_user_id`),
  CONSTRAINT `fk_station_contact_user` FOREIGN KEY (`contact_user_id`) REFERENCES `sys_user` (`user_id`) ON DELETE SET NULL ON UPDATE CASCADE,
  CONSTRAINT `fk_station_dept` FOREIGN KEY (`dept_id`) REFERENCES `sys_dept` (`dept_id`) ON DELETE CASCADE ON UPDATE CASCADE
) ENGINE=InnoDB AUTO_INCREMENT=5 DEFAULT CHARSET=utf8mb4 COLLATE=utf8mb4_0900_ai_ci COMMENT='驿站信息表';
/*!40101 SET character_set_client = @saved_cs_client */;

--
-- Dumping data for table `biz_station`
--

LOCK TABLES `biz_station` WRITE;
/*!40000 ALTER TABLE `biz_station` DISABLE KEYS */;
INSERT INTO `biz_station` VALUES (1,201,'上海市','上海市','奉贤区','上师大奉贤校区学生服务中心一楼',101,'正常','021-57120001','2025-12-15 23:18:14','2025-12-15 23:20:43'),(2,202,'上海市','上海市','徐汇区','上师大徐汇校区东部驿站楼',102,'正常','021-64320002','2025-12-15 23:18:14','2025-12-15 23:20:43');
/*!40000 ALTER TABLE `biz_station` ENABLE KEYS */;
UNLOCK TABLES;

--
-- Table structure for table `biz_station_admin_map`
--

DROP TABLE IF EXISTS `biz_station_admin_map`;
/*!40101 SET @saved_cs_client     = @@character_set_client */;
/*!50503 SET character_set_client = utf8mb4 */;
CREATE TABLE `biz_station_admin_map` (
  `station_id` bigint unsigned NOT NULL COMMENT '驿站ID',
  `admin_user_id` bigint NOT NULL COMMENT '管理员ID(sys_user)',
  `role_note` varchar(100) DEFAULT NULL COMMENT '角色说明，例如站长/核验员',
  `assigned_at` datetime NOT NULL DEFAULT CURRENT_TIMESTAMP COMMENT '分配时间',
  PRIMARY KEY (`station_id`,`admin_user_id`),
  KEY `fk_pam_admin` (`admin_user_id`),
  CONSTRAINT `fk_pam_admin` FOREIGN KEY (`admin_user_id`) REFERENCES `sys_user` (`user_id`) ON DELETE CASCADE ON UPDATE CASCADE,
  CONSTRAINT `fk_pam_station` FOREIGN KEY (`station_id`) REFERENCES `biz_station` (`station_id`) ON DELETE CASCADE ON UPDATE CASCADE
) ENGINE=InnoDB DEFAULT CHARSET=utf8mb4 COLLATE=utf8mb4_0900_ai_ci COMMENT='驿站-管理员映射表';
/*!40101 SET character_set_client = @saved_cs_client */;

--
-- Dumping data for table `biz_station_admin_map`
--

LOCK TABLES `biz_station_admin_map` WRITE;
/*!40000 ALTER TABLE `biz_station_admin_map` DISABLE KEYS */;
INSERT INTO `biz_station_admin_map` VALUES (1,101,'站长','2025-12-15 23:20:16'),(2,102,'站长','2025-12-15 23:20:16');
/*!40000 ALTER TABLE `biz_station_admin_map` ENABLE KEYS */;
UNLOCK TABLES;

--
-- Table structure for table `gen_table`
--

DROP TABLE IF EXISTS `gen_table`;
/*!40101 SET @saved_cs_client     = @@character_set_client */;
/*!50503 SET character_set_client = utf8mb4 */;
CREATE TABLE `gen_table` (
  `table_id` bigint NOT NULL AUTO_INCREMENT COMMENT '编号',
  `table_name` varchar(200) COLLATE utf8mb4_general_ci DEFAULT '' COMMENT '表名称',
  `table_comment` varchar(500) COLLATE utf8mb4_general_ci DEFAULT '' COMMENT '表描述',
  `sub_table_name` varchar(64) COLLATE utf8mb4_general_ci DEFAULT NULL COMMENT '关联子表的表名',
  `sub_table_fk_name` varchar(64) COLLATE utf8mb4_general_ci DEFAULT NULL COMMENT '子表关联的外键名',
  `class_name` varchar(100) COLLATE utf8mb4_general_ci DEFAULT '' COMMENT '实体类名称',
  `tpl_category` varchar(200) COLLATE utf8mb4_general_ci DEFAULT 'crud' COMMENT '使用的模板（crud单表操作 tree树表操作）',
  `tpl_web_type` varchar(30) COLLATE utf8mb4_general_ci DEFAULT '' COMMENT '前端模板类型（element-ui模版 element-plus模版）',
  `package_name` varchar(100) COLLATE utf8mb4_general_ci DEFAULT NULL COMMENT '生成包路径',
  `module_name` varchar(30) COLLATE utf8mb4_general_ci DEFAULT NULL COMMENT '生成模块名',
  `business_name` varchar(30) COLLATE utf8mb4_general_ci DEFAULT NULL COMMENT '生成业务名',
  `function_name` varchar(50) COLLATE utf8mb4_general_ci DEFAULT NULL COMMENT '生成功能名',
  `function_author` varchar(50) COLLATE utf8mb4_general_ci DEFAULT NULL COMMENT '生成功能作者',
  `gen_type` char(1) COLLATE utf8mb4_general_ci DEFAULT '0' COMMENT '生成代码方式（0zip压缩包 1自定义路径）',
  `gen_path` varchar(200) COLLATE utf8mb4_general_ci DEFAULT '/' COMMENT '生成路径（不填默认项目路径）',
  `options` varchar(1000) COLLATE utf8mb4_general_ci DEFAULT NULL COMMENT '其它生成选项',
  `create_by` varchar(64) COLLATE utf8mb4_general_ci DEFAULT '' COMMENT '创建者',
  `create_time` datetime DEFAULT NULL COMMENT '创建时间',
  `update_by` varchar(64) COLLATE utf8mb4_general_ci DEFAULT '' COMMENT '更新者',
  `update_time` datetime DEFAULT NULL COMMENT '更新时间',
  `remark` varchar(500) COLLATE utf8mb4_general_ci DEFAULT NULL COMMENT '备注',
  PRIMARY KEY (`table_id`)
) ENGINE=InnoDB AUTO_INCREMENT=23 DEFAULT CHARSET=utf8mb4 COLLATE=utf8mb4_general_ci COMMENT='代码生成业务表';
/*!40101 SET character_set_client = @saved_cs_client */;

--
-- Dumping data for table `gen_table`
--

LOCK TABLES `gen_table` WRITE;
/*!40000 ALTER TABLE `gen_table` DISABLE KEYS */;
INSERT INTO `gen_table` VALUES (1,'student','学生信息表',NULL,NULL,'Student','crud','element-ui','com.ruoyi.system','system','student','学生信息','weiyi','0','/','{\"parentMenuId\":1}','admin','2025-07-15 14:52:01','','2025-07-16 17:22:18',NULL),(2,'stu_leave','学生请假表',NULL,NULL,'StuLeave','crud','element-ui','com.ruoyi.system','system','leave','学生请假','weiyi','0','/','{\"parentMenuId\":2000}','admin','2025-07-17 10:34:22','','2025-07-17 10:44:52',NULL),(14,'biz_addr','用户地址簿',NULL,NULL,'BizAddr','crud','element-ui','com.ruoyi.business','business','addr','用户地址簿','ruoyi','0','/','{\"parentMenuId\":2024}','admin','2025-12-09 00:15:16','','2025-12-09 00:17:41',NULL),(15,'biz_client','业务用户表',NULL,NULL,'BizClient','crud','element-ui','com.ruoyi.business','business','client','业务用户','ruoyi','0','/','{\"parentMenuId\":2024}','admin','2025-12-09 00:15:16','','2025-12-09 00:17:49',NULL),(16,'biz_pack','包裹表（地址文本化，不关联地址表）',NULL,NULL,'BizPack','crud','element-ui','com.ruoyi.business','business','pack','包裹表','ruoyi','0','/','{\"parentMenuId\":2024}','admin','2025-12-09 00:15:16','','2025-12-09 00:18:04',NULL),(17,'biz_pack_flow','包裹流转记录',NULL,NULL,'BizPackFlow','crud','element-ui','com.ruoyi.business','business','flow','包裹流转记录','ruoyi','0','/','{\"parentMenuId\":2024}','admin','2025-12-09 00:15:16','','2025-12-09 00:18:16',NULL),(18,'biz_pack_rejection','拒收/退件记录',NULL,NULL,'BizPackRejection','crud','element-ui','com.ruoyi.business','business','rejection','拒收/退件记录','ruoyi','0','/','{\"parentMenuId\":2024}','admin','2025-12-09 00:15:16','','2025-12-09 00:18:24',NULL),(19,'biz_pack_verify','包裹审核记录',NULL,NULL,'BizPackVerify','crud','element-ui','com.ruoyi.business','business','verify','包裹审核记录','ruoyi','0','/','{\"parentMenuId\":2024}','admin','2025-12-09 00:15:16','','2025-12-09 00:18:33',NULL),(21,'biz_station_admin_map','驿站-管理员映射表',NULL,NULL,'BizStationAdminMap','crud','element-ui','com.ruoyi.business','business','map','驿站-管理员映射','ruoyi','0','/','{\"parentMenuId\":2024}','admin','2025-12-09 00:15:16','','2025-12-09 00:18:58',NULL),(22,'biz_station','驿站信息表',NULL,NULL,'BizStation','crud','element-ui','com.ruoyi.business','business','station','驿站信息','weiyi','0','/','{\"parentMenuId\":0}','admin','2025-12-15 15:39:32','','2025-12-15 15:52:39',NULL);
/*!40000 ALTER TABLE `gen_table` ENABLE KEYS */;
UNLOCK TABLES;

--
-- Table structure for table `gen_table_column`
--

DROP TABLE IF EXISTS `gen_table_column`;
/*!40101 SET @saved_cs_client     = @@character_set_client */;
/*!50503 SET character_set_client = utf8mb4 */;
CREATE TABLE `gen_table_column` (
  `column_id` bigint NOT NULL AUTO_INCREMENT COMMENT '编号',
  `table_id` bigint DEFAULT NULL COMMENT '归属表编号',
  `column_name` varchar(200) COLLATE utf8mb4_general_ci DEFAULT NULL COMMENT '列名称',
  `column_comment` varchar(500) COLLATE utf8mb4_general_ci DEFAULT NULL COMMENT '列描述',
  `column_type` varchar(100) COLLATE utf8mb4_general_ci DEFAULT NULL COMMENT '列类型',
  `java_type` varchar(500) COLLATE utf8mb4_general_ci DEFAULT NULL COMMENT 'JAVA类型',
  `java_field` varchar(200) COLLATE utf8mb4_general_ci DEFAULT NULL COMMENT 'JAVA字段名',
  `is_pk` char(1) COLLATE utf8mb4_general_ci DEFAULT NULL COMMENT '是否主键（1是）',
  `is_increment` char(1) COLLATE utf8mb4_general_ci DEFAULT NULL COMMENT '是否自增（1是）',
  `is_required` char(1) COLLATE utf8mb4_general_ci DEFAULT NULL COMMENT '是否必填（1是）',
  `is_insert` char(1) COLLATE utf8mb4_general_ci DEFAULT NULL COMMENT '是否为插入字段（1是）',
  `is_edit` char(1) COLLATE utf8mb4_general_ci DEFAULT NULL COMMENT '是否编辑字段（1是）',
  `is_list` char(1) COLLATE utf8mb4_general_ci DEFAULT NULL COMMENT '是否列表字段（1是）',
  `is_query` char(1) COLLATE utf8mb4_general_ci DEFAULT NULL COMMENT '是否查询字段（1是）',
  `query_type` varchar(200) COLLATE utf8mb4_general_ci DEFAULT 'EQ' COMMENT '查询方式（等于、不等于、大于、小于、范围）',
  `html_type` varchar(200) COLLATE utf8mb4_general_ci DEFAULT NULL COMMENT '显示类型（文本框、文本域、下拉框、复选框、单选框、日期控件）',
  `dict_type` varchar(200) COLLATE utf8mb4_general_ci DEFAULT '' COMMENT '字典类型',
  `sort` int DEFAULT NULL COMMENT '排序',
  `create_by` varchar(64) COLLATE utf8mb4_general_ci DEFAULT '' COMMENT '创建者',
  `create_time` datetime DEFAULT NULL COMMENT '创建时间',
  `update_by` varchar(64) COLLATE utf8mb4_general_ci DEFAULT '' COMMENT '更新者',
  `update_time` datetime DEFAULT NULL COMMENT '更新时间',
  PRIMARY KEY (`column_id`)
) ENGINE=InnoDB AUTO_INCREMENT=192 DEFAULT CHARSET=utf8mb4 COLLATE=utf8mb4_general_ci COMMENT='代码生成业务表字段';
/*!40101 SET character_set_client = @saved_cs_client */;

--
-- Dumping data for table `gen_table_column`
--

LOCK TABLES `gen_table_column` WRITE;
/*!40000 ALTER TABLE `gen_table_column` DISABLE KEYS */;
INSERT INTO `gen_table_column` VALUES (1,1,'student_id','学号','int','Long','studentId','1','1','0','1',NULL,NULL,NULL,'EQ','input','',1,'admin','2025-07-15 14:52:01','','2025-07-16 17:22:18'),(2,1,'student_name','姓名','varchar(30)','String','studentName','0','0','1','1','1','1','1','LIKE','input','',2,'admin','2025-07-15 14:52:01','','2025-07-16 17:22:18'),(3,1,'student_sex','性别（0男 1女 2未知）','char(1)','String','studentSex','0','0','0','1','1','1','1','EQ','select','sys_user_sex',3,'admin','2025-07-15 14:52:01','','2025-07-16 17:22:18'),(4,1,'student_birth','生日','date','Date','studentBirth','0','0','1','1','1','1','1','EQ','datetime','',4,'admin','2025-07-15 14:52:01','','2025-07-16 17:22:18'),(5,1,'student_phone','电话','varchar(30)','String','studentPhone','0','0','0','1','1','1','1','EQ','input','',5,'admin','2025-07-15 14:52:01','','2025-07-16 17:22:18'),(6,1,'student_update','更新时间','datetime','Date','studentUpdate','0','0','0','1','1','1','1','EQ','datetime','',6,'admin','2025-07-15 14:52:01','','2025-07-16 17:22:18'),(7,1,'student_status','状态（0正常 1停用）','char(1)','String','studentStatus','0','0','0','1','1','1','1','EQ','radio','sys_normal_disable',7,'admin','2025-07-15 14:52:01','','2025-07-16 17:22:18'),(8,2,'leave_id','请假ID','int','Long','leaveId','1','1','0','1',NULL,NULL,NULL,'EQ','input','',1,'admin','2025-07-17 10:34:22','','2025-07-17 10:44:52'),(9,2,'leave_student','学号','int','Long','leaveStudent','0','0','1','1','1','1','1','EQ','input','',2,'admin','2025-07-17 10:34:22','','2025-07-17 10:44:52'),(10,2,'leave_type','请假类型（0病假1事假2公假3孕假4年假5其他）','char(1)','String','leaveType','0','0','1','1','1','1','1','EQ','select','stu_leave_type',3,'admin','2025-07-17 10:34:22','','2025-07-17 10:44:52'),(11,2,'leave_reason','请假原因','varchar(30)','String','leaveReason','0','0','0','1','1','1','1','EQ','input','',4,'admin','2025-07-17 10:34:22','','2025-07-17 10:44:52'),(12,2,'leave_begin','开始日期','date','Date','leaveBegin','0','0','1','1','1','1','1','EQ','datetime','',5,'admin','2025-07-17 10:34:22','','2025-07-17 10:44:52'),(13,2,'leave_end','结束日期','date','Date','leaveEnd','0','0','1','1','1','1','1','EQ','datetime','',6,'admin','2025-07-17 10:34:22','','2025-07-17 10:44:52'),(14,2,'leave_result','审核结果（0待审核1通过2不通过）','char(1)','String','leaveResult','0','0','0','1','1','1','1','EQ','select','stu_audit_result',7,'admin','2025-07-17 10:34:22','','2025-07-17 10:44:52'),(15,2,'leave_auditor','审核员ID','int','Long','leaveAuditor','0','0','0','1','1','1','1','EQ','input','',8,'admin','2025-07-17 10:34:22','','2025-07-17 10:44:52'),(105,14,'addr_id','地址ID','bigint unsigned','String','addrId','1','1','0','1',NULL,NULL,NULL,'EQ',NULL,'',1,'admin','2025-12-09 00:15:16','','2025-12-09 00:17:41'),(106,14,'client_id','所属用户(biz_client)','bigint unsigned','String','clientId','0','0','1','1','1','1','1','EQ',NULL,'',2,'admin','2025-12-09 00:15:16','','2025-12-09 00:17:41'),(107,14,'addr_name','姓名','varchar(64)','String','addrName','0','0','1','1','1','1','1','LIKE','input','',3,'admin','2025-12-09 00:15:16','','2025-12-09 00:17:41'),(108,14,'addr_tel','电话','varchar(20)','String','addrTel','0','0','1','1','1','1','1','EQ','input','',4,'admin','2025-12-09 00:15:16','','2025-12-09 00:17:41'),(109,14,'addr_prov','省','varchar(64)','String','addrProv','0','0','1','1','1','1','1','EQ','input','',5,'admin','2025-12-09 00:15:16','','2025-12-09 00:17:41'),(110,14,'addr_city','市','varchar(64)','String','addrCity','0','0','1','1','1','1','1','EQ','input','',6,'admin','2025-12-09 00:15:16','','2025-12-09 00:17:41'),(111,14,'addr_dist','区县','varchar(64)','String','addrDist','0','0','1','1','1','1','1','EQ','input','',7,'admin','2025-12-09 00:15:16','','2025-12-09 00:17:41'),(112,14,'addr_detail','详细地址','varchar(255)','String','addrDetail','0','0','1','1','1','1','1','EQ','input','',8,'admin','2025-12-09 00:15:16','','2025-12-09 00:17:41'),(113,14,'is_default','是否默认地址','tinyint(1)','Integer','isDefault','0','0','1','1','1','1','1','EQ','input','',9,'admin','2025-12-09 00:15:16','','2025-12-09 00:17:41'),(114,14,'created_at','创建时间','datetime','Date','createdAt','0','0','1','1','1','1','1','EQ','datetime','',10,'admin','2025-12-09 00:15:16','','2025-12-09 00:17:41'),(115,14,'updated_at','更新时间','datetime','Date','updatedAt','0','0','1','1','1','1','1','EQ','datetime','',11,'admin','2025-12-09 00:15:16','','2025-12-09 00:17:41'),(116,15,'client_id','业务用户ID','bigint unsigned','String','clientId','1','1','0','1',NULL,NULL,NULL,'EQ',NULL,'',1,'admin','2025-12-09 00:15:16','','2025-12-09 00:17:49'),(117,15,'client_name','用户姓名','varchar(64)','String','clientName','0','0','1','1','1','1','1','LIKE','input','',2,'admin','2025-12-09 00:15:16','','2025-12-09 00:17:49'),(118,15,'client_tel','手机号','varchar(20)','String','clientTel','0','0','1','1','1','1','1','EQ','input','',3,'admin','2025-12-09 00:15:16','','2025-12-09 00:17:49'),(119,15,'client_status','用户状态','enum(\'正常\',\'冻结\',\'注销\')','String','clientStatus','0','0','1','1','1','1','1','EQ','radio','',4,'admin','2025-12-09 00:15:16','','2025-12-09 00:17:49'),(120,15,'created_at','创建时间','datetime','Date','createdAt','0','0','1','1','1','1','1','EQ','datetime','',5,'admin','2025-12-09 00:15:16','','2025-12-09 00:17:49'),(121,15,'updated_at','更新时间','datetime','Date','updatedAt','0','0','1','1','1','1','1','EQ','datetime','',6,'admin','2025-12-09 00:15:16','','2025-12-09 00:17:49'),(122,16,'pack_id','包裹ID','bigint unsigned','String','packId','1','1','0','1',NULL,NULL,NULL,'EQ',NULL,'',1,'admin','2025-12-09 00:15:16','','2025-12-09 00:18:04'),(123,16,'sender_id','寄件用户(biz_client)','bigint unsigned','String','senderId','0','0','1','1','1','1','1','EQ',NULL,'',2,'admin','2025-12-09 00:15:16','','2025-12-09 00:18:04'),(124,16,'sender_prov','寄件省','varchar(64)','String','senderProv','0','0','1','1','1','1','1','EQ','input','',3,'admin','2025-12-09 00:15:16','','2025-12-09 00:18:04'),(125,16,'sender_city','寄件市','varchar(64)','String','senderCity','0','0','1','1','1','1','1','EQ','input','',4,'admin','2025-12-09 00:15:16','','2025-12-09 00:18:04'),(126,16,'sender_dist','寄件区县','varchar(64)','String','senderDist','0','0','1','1','1','1','1','EQ','input','',5,'admin','2025-12-09 00:15:16','','2025-12-09 00:18:04'),(127,16,'sender_addr_detail','寄件详细地址','varchar(255)','String','senderAddrDetail','0','0','1','1','1','1','1','EQ','input','',6,'admin','2025-12-09 00:15:16','','2025-12-09 00:18:04'),(128,16,'receiver_id','收件用户ID，可为空','bigint unsigned','String','receiverId','0','0','0','1','1','1','1','EQ',NULL,'',7,'admin','2025-12-09 00:15:16','','2025-12-09 00:18:04'),(129,16,'receiver_name','收件人姓名','varchar(64)','String','receiverName','0','0','1','1','1','1','1','LIKE','input','',8,'admin','2025-12-09 00:15:16','','2025-12-09 00:18:04'),(130,16,'receiver_tel','收件人手机号','varchar(20)','String','receiverTel','0','0','1','1','1','1','1','EQ','input','',9,'admin','2025-12-09 00:15:16','','2025-12-09 00:18:04'),(131,16,'receiver_prov','收件省','varchar(64)','String','receiverProv','0','0','1','1','1','1','1','EQ','input','',10,'admin','2025-12-09 00:15:16','','2025-12-09 00:18:04'),(132,16,'receiver_city','收件市','varchar(64)','String','receiverCity','0','0','1','1','1','1','1','EQ','input','',11,'admin','2025-12-09 00:15:16','','2025-12-09 00:18:04'),(133,16,'receiver_dist','收件区县','varchar(64)','String','receiverDist','0','0','1','1','1','1','1','EQ','input','',12,'admin','2025-12-09 00:15:16','','2025-12-09 00:18:04'),(134,16,'receiver_addr_detail','收件详细地址','varchar(255)','String','receiverAddrDetail','0','0','1','1','1','1','1','EQ','input','',13,'admin','2025-12-09 00:15:16','','2025-12-09 00:18:04'),(135,16,'weight','重量','decimal(8,3)','BigDecimal','weight','0','0','0','1','1','1','1','EQ','input','',14,'admin','2025-12-09 00:15:16','','2025-12-09 00:18:04'),(136,16,'volume','体积','decimal(10,4)','BigDecimal','volume','0','0','0','1','1','1','1','EQ','input','',15,'admin','2025-12-09 00:15:16','','2025-12-09 00:18:04'),(137,16,'note','备注','varchar(500)','String','note','0','0','0','1','1','1','1','EQ','textarea','',16,'admin','2025-12-09 00:15:16','','2025-12-09 00:18:04'),(138,16,'is_dangerous','是否危险品','tinyint(1)','Integer','isDangerous','0','0','1','1','1','1','1','EQ','input','',17,'admin','2025-12-09 00:15:16','','2025-12-09 00:18:04'),(139,16,'is_fragile','是否易碎','tinyint(1)','Integer','isFragile','0','0','1','1','1','1','1','EQ','input','',18,'admin','2025-12-09 00:15:16','','2025-12-09 00:18:04'),(140,16,'is_urgent','是否加急','tinyint(1)','Integer','isUrgent','0','0','1','1','1','1','1','EQ','input','',19,'admin','2025-12-09 00:15:16','','2025-12-09 00:18:04'),(141,16,'status','包裹状态','enum(\'待揽收\',\'寄出待核验\',\'寄出已核验\',\'运输中\',\'到站待核验\',\'入库已核验\',\'待上架\',\'待取件\',\'已取件\',\'拒收\',\'退件\',\'异常\')','String','status','0','0','1','1','1','1','1','EQ','radio','',20,'admin','2025-12-09 00:15:16','','2025-12-09 00:18:04'),(142,16,'pickup_code','取件码（入库后生成）','varchar(16)','String','pickupCode','0','0','0','1','1','1','1','EQ','input','',21,'admin','2025-12-09 00:15:16','','2025-12-09 00:18:04'),(143,16,'created_at','创建时间','datetime','Date','createdAt','0','0','1','1','1','1','1','EQ','datetime','',22,'admin','2025-12-09 00:15:16','','2025-12-09 00:18:04'),(144,16,'updated_at','更新时间','datetime','Date','updatedAt','0','0','1','1','1','1','1','EQ','datetime','',23,'admin','2025-12-09 00:15:16','','2025-12-09 00:18:04'),(145,17,'flow_id','流转记录ID','bigint unsigned','String','flowId','1','1','0','1',NULL,NULL,NULL,'EQ',NULL,'',1,'admin','2025-12-09 00:15:16','','2025-12-09 00:18:16'),(146,17,'pack_id','包裹ID','bigint unsigned','String','packId','0','0','1','1','1','1','1','EQ',NULL,'',2,'admin','2025-12-09 00:15:16','','2025-12-09 00:18:16'),(147,17,'station_id','驿站ID（在哪个站点发生）','bigint unsigned','String','stationId','0','0','1','1','1','1','1','EQ',NULL,'',3,'admin','2025-12-09 00:15:16','','2025-12-09 00:18:16'),(148,17,'admin_user_id','操作管理员(sys_user)','bigint','Long','adminUserId','0','0','0','1','1','1','1','EQ','input','',4,'admin','2025-12-09 00:15:16','','2025-12-09 00:18:16'),(149,17,'action','流转动作','enum(\'寄出核验\',\'入库核验\',\'上架\',\'出库\',\'分拣\',\'到站\',\'取件\',\'其他\')','String','action','0','0','1','1','1','1','1','EQ',NULL,'',5,'admin','2025-12-09 00:15:16','','2025-12-09 00:18:16'),(150,17,'action_note','备注','varchar(500)','String','actionNote','0','0','0','1','1','1','1','EQ','textarea','',6,'admin','2025-12-09 00:15:16','','2025-12-09 00:18:16'),(151,17,'created_at','操作时间','datetime','Date','createdAt','0','0','1','1','1','1','1','EQ','datetime','',7,'admin','2025-12-09 00:15:16','','2025-12-09 00:18:16'),(152,18,'reject_id','记录ID','bigint unsigned','String','rejectId','1','1','0','1',NULL,NULL,NULL,'EQ',NULL,'',1,'admin','2025-12-09 00:15:16','','2025-12-09 00:18:24'),(153,18,'pack_id','包裹ID','bigint unsigned','String','packId','0','0','1','1','1','1','1','EQ',NULL,'',2,'admin','2025-12-09 00:15:16','','2025-12-09 00:18:24'),(154,18,'reject_by','操作人（sys_user）','bigint','Long','rejectBy','0','0','0','1','1','1','1','EQ','input','',3,'admin','2025-12-09 00:15:16','','2025-12-09 00:18:24'),(155,18,'reject_reason','拒收原因','varchar(255)','String','rejectReason','0','0','1','1','1','1','1','EQ','input','',4,'admin','2025-12-09 00:15:16','','2025-12-09 00:18:24'),(156,18,'created_at','记录时间','datetime','Date','createdAt','0','0','1','1','1','1','1','EQ','datetime','',5,'admin','2025-12-09 00:15:16','','2025-12-09 00:18:24'),(157,19,'verify_id','审核记录ID','bigint unsigned','String','verifyId','1','1','0','1',NULL,NULL,NULL,'EQ',NULL,'',1,'admin','2025-12-09 00:15:16','','2025-12-09 00:18:33'),(158,19,'pack_id','包裹ID','bigint unsigned','String','packId','0','0','1','1','1','1','1','EQ',NULL,'',2,'admin','2025-12-09 00:15:16','','2025-12-09 00:18:33'),(159,19,'station_id','驿站ID','bigint unsigned','String','stationId','0','0','1','1','1','1','1','EQ',NULL,'',3,'admin','2025-12-09 00:15:16','','2025-12-09 00:18:33'),(160,19,'admin_user_id','审核管理员ID','bigint','Long','adminUserId','0','0','0','1','1','1','1','EQ','input','',4,'admin','2025-12-09 00:15:16','','2025-12-09 00:18:33'),(161,19,'verify_type','审核类型','enum(\'寄出核验\',\'入站核验\')','String','verifyType','0','0','1','1','1','1','1','EQ','select','',5,'admin','2025-12-09 00:15:16','','2025-12-09 00:18:33'),(162,19,'verify_status','审核状态','enum(\'待审核\',\'通过\',\'不通过\')','String','verifyStatus','0','0','1','1','1','1','1','EQ','radio','',6,'admin','2025-12-09 00:15:16','','2025-12-09 00:18:33'),(163,19,'verify_note','审核备注','varchar(500)','String','verifyNote','0','0','0','1','1','1','1','EQ','textarea','',7,'admin','2025-12-09 00:15:16','','2025-12-09 00:18:33'),(164,19,'verified_at','审核时间','datetime','Date','verifiedAt','0','0','0','1','1','1','1','EQ','datetime','',8,'admin','2025-12-09 00:15:16','','2025-12-09 00:18:33'),(165,19,'created_at','创建时间','datetime','Date','createdAt','0','0','1','1','1','1','1','EQ','datetime','',9,'admin','2025-12-09 00:15:16','','2025-12-09 00:18:33'),(177,21,'station_id','驿站ID','bigint unsigned','String','stationId','1','0','0','1',NULL,NULL,NULL,'EQ',NULL,'',1,'admin','2025-12-09 00:15:16','','2025-12-09 00:18:58'),(178,21,'admin_user_id','管理员ID(sys_user)','bigint','Long','adminUserId','1','0','0','1',NULL,NULL,NULL,'EQ','input','',2,'admin','2025-12-09 00:15:16','','2025-12-09 00:18:58'),(179,21,'role_note','角色说明，例如站长/核验员','varchar(100)','String','roleNote','0','0','0','1','1','1','1','EQ','input','',3,'admin','2025-12-09 00:15:16','','2025-12-09 00:18:58'),(180,21,'assigned_at','分配时间','datetime','Date','assignedAt','0','0','1','1','1','1','1','EQ','datetime','',4,'admin','2025-12-09 00:15:16','','2025-12-09 00:18:58'),(181,22,'station_id','驿站ID','bigint unsigned','String','stationId','1','1','0','1',NULL,NULL,NULL,'EQ',NULL,'',1,'admin','2025-12-15 15:39:32','','2025-12-15 15:52:39'),(182,22,'dept_id','部门ID','bigint','Long','deptId','0','0','1','1','1','1','1','EQ','input','',2,'admin','2025-12-15 15:39:32','','2025-12-15 15:52:39'),(183,22,'station_prov','省','varchar(64)','String','stationProv','0','0','1','1','1','1','1','EQ','input','',3,'admin','2025-12-15 15:39:32','','2025-12-15 15:52:39'),(184,22,'station_city','市','varchar(64)','String','stationCity','0','0','1','1','1','1','1','EQ','input','',4,'admin','2025-12-15 15:39:32','','2025-12-15 15:52:39'),(185,22,'station_dist','区县','varchar(64)','String','stationDist','0','0','1','1','1','1','1','EQ','input','',5,'admin','2025-12-15 15:39:32','','2025-12-15 15:52:39'),(186,22,'station_addr','详细地址','varchar(255)','String','stationAddr','0','0','1','1','1','1','1','EQ','input','',6,'admin','2025-12-15 15:39:32','','2025-12-15 15:52:39'),(187,22,'contact_user_id','负责人ID','bigint','Long','contactUserId','0','0','0','1','1','1','1','EQ','input','',7,'admin','2025-12-15 15:39:32','','2025-12-15 15:52:39'),(188,22,'status','驿站状态','enum(\'待审核\',\'正常\',\'停用\')','String','status','0','0','1','1','1','1','1','EQ','radio','',8,'admin','2025-12-15 15:39:32','','2025-12-15 15:52:39'),(189,22,'tel','联系电话','varchar(20)','String','tel','0','0','0','1','1','1','1','EQ','input','',9,'admin','2025-12-15 15:39:32','','2025-12-15 15:52:39'),(190,22,'created_at','创建时间','datetime','Date','createdAt','0','0','1','1','1','1','1','EQ','datetime','',10,'admin','2025-12-15 15:39:32','','2025-12-15 15:52:39'),(191,22,'updated_at','更新时间','datetime','Date','updatedAt','0','0','1','1','1','1','1','EQ','datetime','',11,'admin','2025-12-15 15:39:32','','2025-12-15 15:52:39');
/*!40000 ALTER TABLE `gen_table_column` ENABLE KEYS */;
UNLOCK TABLES;

--
-- Table structure for table `qrtz_blob_triggers`
--

DROP TABLE IF EXISTS `qrtz_blob_triggers`;
/*!40101 SET @saved_cs_client     = @@character_set_client */;
/*!50503 SET character_set_client = utf8mb4 */;
CREATE TABLE `qrtz_blob_triggers` (
  `sched_name` varchar(120) COLLATE utf8mb4_general_ci NOT NULL COMMENT '调度名称',
  `trigger_name` varchar(200) COLLATE utf8mb4_general_ci NOT NULL COMMENT 'qrtz_triggers表trigger_name的外键',
  `trigger_group` varchar(200) COLLATE utf8mb4_general_ci NOT NULL COMMENT 'qrtz_triggers表trigger_group的外键',
  `blob_data` blob COMMENT '存放持久化Trigger对象',
  PRIMARY KEY (`sched_name`,`trigger_name`,`trigger_group`),
  CONSTRAINT `qrtz_blob_triggers_ibfk_1` FOREIGN KEY (`sched_name`, `trigger_name`, `trigger_group`) REFERENCES `qrtz_triggers` (`sched_name`, `trigger_name`, `trigger_group`)
) ENGINE=InnoDB DEFAULT CHARSET=utf8mb4 COLLATE=utf8mb4_general_ci COMMENT='Blob类型的触发器表';
/*!40101 SET character_set_client = @saved_cs_client */;

--
-- Dumping data for table `qrtz_blob_triggers`
--

LOCK TABLES `qrtz_blob_triggers` WRITE;
/*!40000 ALTER TABLE `qrtz_blob_triggers` DISABLE KEYS */;
/*!40000 ALTER TABLE `qrtz_blob_triggers` ENABLE KEYS */;
UNLOCK TABLES;

--
-- Table structure for table `qrtz_calendars`
--

DROP TABLE IF EXISTS `qrtz_calendars`;
/*!40101 SET @saved_cs_client     = @@character_set_client */;
/*!50503 SET character_set_client = utf8mb4 */;
CREATE TABLE `qrtz_calendars` (
  `sched_name` varchar(120) COLLATE utf8mb4_general_ci NOT NULL COMMENT '调度名称',
  `calendar_name` varchar(200) COLLATE utf8mb4_general_ci NOT NULL COMMENT '日历名称',
  `calendar` blob NOT NULL COMMENT '存放持久化calendar对象',
  PRIMARY KEY (`sched_name`,`calendar_name`)
) ENGINE=InnoDB DEFAULT CHARSET=utf8mb4 COLLATE=utf8mb4_general_ci COMMENT='日历信息表';
/*!40101 SET character_set_client = @saved_cs_client */;

--
-- Dumping data for table `qrtz_calendars`
--

LOCK TABLES `qrtz_calendars` WRITE;
/*!40000 ALTER TABLE `qrtz_calendars` DISABLE KEYS */;
/*!40000 ALTER TABLE `qrtz_calendars` ENABLE KEYS */;
UNLOCK TABLES;

--
-- Table structure for table `qrtz_cron_triggers`
--

DROP TABLE IF EXISTS `qrtz_cron_triggers`;
/*!40101 SET @saved_cs_client     = @@character_set_client */;
/*!50503 SET character_set_client = utf8mb4 */;
CREATE TABLE `qrtz_cron_triggers` (
  `sched_name` varchar(120) COLLATE utf8mb4_general_ci NOT NULL COMMENT '调度名称',
  `trigger_name` varchar(200) COLLATE utf8mb4_general_ci NOT NULL COMMENT 'qrtz_triggers表trigger_name的外键',
  `trigger_group` varchar(200) COLLATE utf8mb4_general_ci NOT NULL COMMENT 'qrtz_triggers表trigger_group的外键',
  `cron_expression` varchar(200) COLLATE utf8mb4_general_ci NOT NULL COMMENT 'cron表达式',
  `time_zone_id` varchar(80) COLLATE utf8mb4_general_ci DEFAULT NULL COMMENT '时区',
  PRIMARY KEY (`sched_name`,`trigger_name`,`trigger_group`),
  CONSTRAINT `qrtz_cron_triggers_ibfk_1` FOREIGN KEY (`sched_name`, `trigger_name`, `trigger_group`) REFERENCES `qrtz_triggers` (`sched_name`, `trigger_name`, `trigger_group`)
) ENGINE=InnoDB DEFAULT CHARSET=utf8mb4 COLLATE=utf8mb4_general_ci COMMENT='Cron类型的触发器表';
/*!40101 SET character_set_client = @saved_cs_client */;

--
-- Dumping data for table `qrtz_cron_triggers`
--

LOCK TABLES `qrtz_cron_triggers` WRITE;
/*!40000 ALTER TABLE `qrtz_cron_triggers` DISABLE KEYS */;
/*!40000 ALTER TABLE `qrtz_cron_triggers` ENABLE KEYS */;
UNLOCK TABLES;

--
-- Table structure for table `qrtz_fired_triggers`
--

DROP TABLE IF EXISTS `qrtz_fired_triggers`;
/*!40101 SET @saved_cs_client     = @@character_set_client */;
/*!50503 SET character_set_client = utf8mb4 */;
CREATE TABLE `qrtz_fired_triggers` (
  `sched_name` varchar(120) COLLATE utf8mb4_general_ci NOT NULL COMMENT '调度名称',
  `entry_id` varchar(95) COLLATE utf8mb4_general_ci NOT NULL COMMENT '调度器实例id',
  `trigger_name` varchar(200) COLLATE utf8mb4_general_ci NOT NULL COMMENT 'qrtz_triggers表trigger_name的外键',
  `trigger_group` varchar(200) COLLATE utf8mb4_general_ci NOT NULL COMMENT 'qrtz_triggers表trigger_group的外键',
  `instance_name` varchar(200) COLLATE utf8mb4_general_ci NOT NULL COMMENT '调度器实例名',
  `fired_time` bigint NOT NULL COMMENT '触发的时间',
  `sched_time` bigint NOT NULL COMMENT '定时器制定的时间',
  `priority` int NOT NULL COMMENT '优先级',
  `state` varchar(16) COLLATE utf8mb4_general_ci NOT NULL COMMENT '状态',
  `job_name` varchar(200) COLLATE utf8mb4_general_ci DEFAULT NULL COMMENT '任务名称',
  `job_group` varchar(200) COLLATE utf8mb4_general_ci DEFAULT NULL COMMENT '任务组名',
  `is_nonconcurrent` varchar(1) COLLATE utf8mb4_general_ci DEFAULT NULL COMMENT '是否并发',
  `requests_recovery` varchar(1) COLLATE utf8mb4_general_ci DEFAULT NULL COMMENT '是否接受恢复执行',
  PRIMARY KEY (`sched_name`,`entry_id`)
) ENGINE=InnoDB DEFAULT CHARSET=utf8mb4 COLLATE=utf8mb4_general_ci COMMENT='已触发的触发器表';
/*!40101 SET character_set_client = @saved_cs_client */;

--
-- Dumping data for table `qrtz_fired_triggers`
--

LOCK TABLES `qrtz_fired_triggers` WRITE;
/*!40000 ALTER TABLE `qrtz_fired_triggers` DISABLE KEYS */;
/*!40000 ALTER TABLE `qrtz_fired_triggers` ENABLE KEYS */;
UNLOCK TABLES;

--
-- Table structure for table `qrtz_job_details`
--

DROP TABLE IF EXISTS `qrtz_job_details`;
/*!40101 SET @saved_cs_client     = @@character_set_client */;
/*!50503 SET character_set_client = utf8mb4 */;
CREATE TABLE `qrtz_job_details` (
  `sched_name` varchar(120) COLLATE utf8mb4_general_ci NOT NULL COMMENT '调度名称',
  `job_name` varchar(200) COLLATE utf8mb4_general_ci NOT NULL COMMENT '任务名称',
  `job_group` varchar(200) COLLATE utf8mb4_general_ci NOT NULL COMMENT '任务组名',
  `description` varchar(250) COLLATE utf8mb4_general_ci DEFAULT NULL COMMENT '相关介绍',
  `job_class_name` varchar(250) COLLATE utf8mb4_general_ci NOT NULL COMMENT '执行任务类名称',
  `is_durable` varchar(1) COLLATE utf8mb4_general_ci NOT NULL COMMENT '是否持久化',
  `is_nonconcurrent` varchar(1) COLLATE utf8mb4_general_ci NOT NULL COMMENT '是否并发',
  `is_update_data` varchar(1) COLLATE utf8mb4_general_ci NOT NULL COMMENT '是否更新数据',
  `requests_recovery` varchar(1) COLLATE utf8mb4_general_ci NOT NULL COMMENT '是否接受恢复执行',
  `job_data` blob COMMENT '存放持久化job对象',
  PRIMARY KEY (`sched_name`,`job_name`,`job_group`)
) ENGINE=InnoDB DEFAULT CHARSET=utf8mb4 COLLATE=utf8mb4_general_ci COMMENT='任务详细信息表';
/*!40101 SET character_set_client = @saved_cs_client */;

--
-- Dumping data for table `qrtz_job_details`
--

LOCK TABLES `qrtz_job_details` WRITE;
/*!40000 ALTER TABLE `qrtz_job_details` DISABLE KEYS */;
/*!40000 ALTER TABLE `qrtz_job_details` ENABLE KEYS */;
UNLOCK TABLES;

--
-- Table structure for table `qrtz_locks`
--

DROP TABLE IF EXISTS `qrtz_locks`;
/*!40101 SET @saved_cs_client     = @@character_set_client */;
/*!50503 SET character_set_client = utf8mb4 */;
CREATE TABLE `qrtz_locks` (
  `sched_name` varchar(120) COLLATE utf8mb4_general_ci NOT NULL COMMENT '调度名称',
  `lock_name` varchar(40) COLLATE utf8mb4_general_ci NOT NULL COMMENT '悲观锁名称',
  PRIMARY KEY (`sched_name`,`lock_name`)
) ENGINE=InnoDB DEFAULT CHARSET=utf8mb4 COLLATE=utf8mb4_general_ci COMMENT='存储的悲观锁信息表';
/*!40101 SET character_set_client = @saved_cs_client */;

--
-- Dumping data for table `qrtz_locks`
--

LOCK TABLES `qrtz_locks` WRITE;
/*!40000 ALTER TABLE `qrtz_locks` DISABLE KEYS */;
/*!40000 ALTER TABLE `qrtz_locks` ENABLE KEYS */;
UNLOCK TABLES;

--
-- Table structure for table `qrtz_paused_trigger_grps`
--

DROP TABLE IF EXISTS `qrtz_paused_trigger_grps`;
/*!40101 SET @saved_cs_client     = @@character_set_client */;
/*!50503 SET character_set_client = utf8mb4 */;
CREATE TABLE `qrtz_paused_trigger_grps` (
  `sched_name` varchar(120) COLLATE utf8mb4_general_ci NOT NULL COMMENT '调度名称',
  `trigger_group` varchar(200) COLLATE utf8mb4_general_ci NOT NULL COMMENT 'qrtz_triggers表trigger_group的外键',
  PRIMARY KEY (`sched_name`,`trigger_group`)
) ENGINE=InnoDB DEFAULT CHARSET=utf8mb4 COLLATE=utf8mb4_general_ci COMMENT='暂停的触发器表';
/*!40101 SET character_set_client = @saved_cs_client */;

--
-- Dumping data for table `qrtz_paused_trigger_grps`
--

LOCK TABLES `qrtz_paused_trigger_grps` WRITE;
/*!40000 ALTER TABLE `qrtz_paused_trigger_grps` DISABLE KEYS */;
/*!40000 ALTER TABLE `qrtz_paused_trigger_grps` ENABLE KEYS */;
UNLOCK TABLES;

--
-- Table structure for table `qrtz_scheduler_state`
--

DROP TABLE IF EXISTS `qrtz_scheduler_state`;
/*!40101 SET @saved_cs_client     = @@character_set_client */;
/*!50503 SET character_set_client = utf8mb4 */;
CREATE TABLE `qrtz_scheduler_state` (
  `sched_name` varchar(120) COLLATE utf8mb4_general_ci NOT NULL COMMENT '调度名称',
  `instance_name` varchar(200) COLLATE utf8mb4_general_ci NOT NULL COMMENT '实例名称',
  `last_checkin_time` bigint NOT NULL COMMENT '上次检查时间',
  `checkin_interval` bigint NOT NULL COMMENT '检查间隔时间',
  PRIMARY KEY (`sched_name`,`instance_name`)
) ENGINE=InnoDB DEFAULT CHARSET=utf8mb4 COLLATE=utf8mb4_general_ci COMMENT='调度器状态表';
/*!40101 SET character_set_client = @saved_cs_client */;

--
-- Dumping data for table `qrtz_scheduler_state`
--

LOCK TABLES `qrtz_scheduler_state` WRITE;
/*!40000 ALTER TABLE `qrtz_scheduler_state` DISABLE KEYS */;
/*!40000 ALTER TABLE `qrtz_scheduler_state` ENABLE KEYS */;
UNLOCK TABLES;

--
-- Table structure for table `qrtz_simple_triggers`
--

DROP TABLE IF EXISTS `qrtz_simple_triggers`;
/*!40101 SET @saved_cs_client     = @@character_set_client */;
/*!50503 SET character_set_client = utf8mb4 */;
CREATE TABLE `qrtz_simple_triggers` (
  `sched_name` varchar(120) COLLATE utf8mb4_general_ci NOT NULL COMMENT '调度名称',
  `trigger_name` varchar(200) COLLATE utf8mb4_general_ci NOT NULL COMMENT 'qrtz_triggers表trigger_name的外键',
  `trigger_group` varchar(200) COLLATE utf8mb4_general_ci NOT NULL COMMENT 'qrtz_triggers表trigger_group的外键',
  `repeat_count` bigint NOT NULL COMMENT '重复的次数统计',
  `repeat_interval` bigint NOT NULL COMMENT '重复的间隔时间',
  `times_triggered` bigint NOT NULL COMMENT '已经触发的次数',
  PRIMARY KEY (`sched_name`,`trigger_name`,`trigger_group`),
  CONSTRAINT `qrtz_simple_triggers_ibfk_1` FOREIGN KEY (`sched_name`, `trigger_name`, `trigger_group`) REFERENCES `qrtz_triggers` (`sched_name`, `trigger_name`, `trigger_group`)
) ENGINE=InnoDB DEFAULT CHARSET=utf8mb4 COLLATE=utf8mb4_general_ci COMMENT='简单触发器的信息表';
/*!40101 SET character_set_client = @saved_cs_client */;

--
-- Dumping data for table `qrtz_simple_triggers`
--

LOCK TABLES `qrtz_simple_triggers` WRITE;
/*!40000 ALTER TABLE `qrtz_simple_triggers` DISABLE KEYS */;
/*!40000 ALTER TABLE `qrtz_simple_triggers` ENABLE KEYS */;
UNLOCK TABLES;

--
-- Table structure for table `qrtz_simprop_triggers`
--

DROP TABLE IF EXISTS `qrtz_simprop_triggers`;
/*!40101 SET @saved_cs_client     = @@character_set_client */;
/*!50503 SET character_set_client = utf8mb4 */;
CREATE TABLE `qrtz_simprop_triggers` (
  `sched_name` varchar(120) COLLATE utf8mb4_general_ci NOT NULL COMMENT '调度名称',
  `trigger_name` varchar(200) COLLATE utf8mb4_general_ci NOT NULL COMMENT 'qrtz_triggers表trigger_name的外键',
  `trigger_group` varchar(200) COLLATE utf8mb4_general_ci NOT NULL COMMENT 'qrtz_triggers表trigger_group的外键',
  `str_prop_1` varchar(512) COLLATE utf8mb4_general_ci DEFAULT NULL COMMENT 'String类型的trigger的第一个参数',
  `str_prop_2` varchar(512) COLLATE utf8mb4_general_ci DEFAULT NULL COMMENT 'String类型的trigger的第二个参数',
  `str_prop_3` varchar(512) COLLATE utf8mb4_general_ci DEFAULT NULL COMMENT 'String类型的trigger的第三个参数',
  `int_prop_1` int DEFAULT NULL COMMENT 'int类型的trigger的第一个参数',
  `int_prop_2` int DEFAULT NULL COMMENT 'int类型的trigger的第二个参数',
  `long_prop_1` bigint DEFAULT NULL COMMENT 'long类型的trigger的第一个参数',
  `long_prop_2` bigint DEFAULT NULL COMMENT 'long类型的trigger的第二个参数',
  `dec_prop_1` decimal(13,4) DEFAULT NULL COMMENT 'decimal类型的trigger的第一个参数',
  `dec_prop_2` decimal(13,4) DEFAULT NULL COMMENT 'decimal类型的trigger的第二个参数',
  `bool_prop_1` varchar(1) COLLATE utf8mb4_general_ci DEFAULT NULL COMMENT 'Boolean类型的trigger的第一个参数',
  `bool_prop_2` varchar(1) COLLATE utf8mb4_general_ci DEFAULT NULL COMMENT 'Boolean类型的trigger的第二个参数',
  PRIMARY KEY (`sched_name`,`trigger_name`,`trigger_group`),
  CONSTRAINT `qrtz_simprop_triggers_ibfk_1` FOREIGN KEY (`sched_name`, `trigger_name`, `trigger_group`) REFERENCES `qrtz_triggers` (`sched_name`, `trigger_name`, `trigger_group`)
) ENGINE=InnoDB DEFAULT CHARSET=utf8mb4 COLLATE=utf8mb4_general_ci COMMENT='同步机制的行锁表';
/*!40101 SET character_set_client = @saved_cs_client */;

--
-- Dumping data for table `qrtz_simprop_triggers`
--

LOCK TABLES `qrtz_simprop_triggers` WRITE;
/*!40000 ALTER TABLE `qrtz_simprop_triggers` DISABLE KEYS */;
/*!40000 ALTER TABLE `qrtz_simprop_triggers` ENABLE KEYS */;
UNLOCK TABLES;

--
-- Table structure for table `qrtz_triggers`
--

DROP TABLE IF EXISTS `qrtz_triggers`;
/*!40101 SET @saved_cs_client     = @@character_set_client */;
/*!50503 SET character_set_client = utf8mb4 */;
CREATE TABLE `qrtz_triggers` (
  `sched_name` varchar(120) COLLATE utf8mb4_general_ci NOT NULL COMMENT '调度名称',
  `trigger_name` varchar(200) COLLATE utf8mb4_general_ci NOT NULL COMMENT '触发器的名字',
  `trigger_group` varchar(200) COLLATE utf8mb4_general_ci NOT NULL COMMENT '触发器所属组的名字',
  `job_name` varchar(200) COLLATE utf8mb4_general_ci NOT NULL COMMENT 'qrtz_job_details表job_name的外键',
  `job_group` varchar(200) COLLATE utf8mb4_general_ci NOT NULL COMMENT 'qrtz_job_details表job_group的外键',
  `description` varchar(250) COLLATE utf8mb4_general_ci DEFAULT NULL COMMENT '相关介绍',
  `next_fire_time` bigint DEFAULT NULL COMMENT '上一次触发时间（毫秒）',
  `prev_fire_time` bigint DEFAULT NULL COMMENT '下一次触发时间（默认为-1表示不触发）',
  `priority` int DEFAULT NULL COMMENT '优先级',
  `trigger_state` varchar(16) COLLATE utf8mb4_general_ci NOT NULL COMMENT '触发器状态',
  `trigger_type` varchar(8) COLLATE utf8mb4_general_ci NOT NULL COMMENT '触发器的类型',
  `start_time` bigint NOT NULL COMMENT '开始时间',
  `end_time` bigint DEFAULT NULL COMMENT '结束时间',
  `calendar_name` varchar(200) COLLATE utf8mb4_general_ci DEFAULT NULL COMMENT '日程表名称',
  `misfire_instr` smallint DEFAULT NULL COMMENT '补偿执行的策略',
  `job_data` blob COMMENT '存放持久化job对象',
  PRIMARY KEY (`sched_name`,`trigger_name`,`trigger_group`),
  KEY `sched_name` (`sched_name`,`job_name`,`job_group`),
  CONSTRAINT `qrtz_triggers_ibfk_1` FOREIGN KEY (`sched_name`, `job_name`, `job_group`) REFERENCES `qrtz_job_details` (`sched_name`, `job_name`, `job_group`)
) ENGINE=InnoDB DEFAULT CHARSET=utf8mb4 COLLATE=utf8mb4_general_ci COMMENT='触发器详细信息表';
/*!40101 SET character_set_client = @saved_cs_client */;

--
-- Dumping data for table `qrtz_triggers`
--

LOCK TABLES `qrtz_triggers` WRITE;
/*!40000 ALTER TABLE `qrtz_triggers` DISABLE KEYS */;
/*!40000 ALTER TABLE `qrtz_triggers` ENABLE KEYS */;
UNLOCK TABLES;

--
-- Table structure for table `student`
--

DROP TABLE IF EXISTS `student`;
/*!40101 SET @saved_cs_client     = @@character_set_client */;
/*!50503 SET character_set_client = utf8mb4 */;
CREATE TABLE `student` (
  `student_id` int NOT NULL AUTO_INCREMENT COMMENT '学号',
  `student_name` varchar(30) COLLATE utf8mb4_general_ci DEFAULT '' COMMENT '姓名',
  `student_sex` char(1) COLLATE utf8mb4_general_ci DEFAULT '2' COMMENT '性别（0男 1女 2未知）',
  `student_birth` date NOT NULL COMMENT '生日',
  `student_phone` varchar(30) COLLATE utf8mb4_general_ci DEFAULT '' COMMENT '电话',
  `student_update` datetime DEFAULT CURRENT_TIMESTAMP ON UPDATE CURRENT_TIMESTAMP COMMENT '更新时间',
  `student_status` char(1) COLLATE utf8mb4_general_ci DEFAULT '0' COMMENT '状态（0正常 1停用）',
  PRIMARY KEY (`student_id`)
) ENGINE=InnoDB AUTO_INCREMENT=7 DEFAULT CHARSET=utf8mb4 COLLATE=utf8mb4_general_ci COMMENT='学生信息表';
/*!40101 SET character_set_client = @saved_cs_client */;

--
-- Dumping data for table `student`
--

LOCK TABLES `student` WRITE;
/*!40000 ALTER TABLE `student` DISABLE KEYS */;
INSERT INTO `student` VALUES (1,'张三','0','2007-03-15','13862543189','2025-07-16 12:52:15','0'),(2,'李四','1','2005-06-22','15603796273','2025-07-16 12:52:15','0'),(3,'王五','0','2006-01-05','18973425501','2025-07-16 12:52:15','1'),(4,'赵六','0','2004-09-30','17791834062','2025-07-16 17:28:22','0'),(5,'尤雨溪','0','1991-07-15','11451419198','2025-07-17 09:46:19','0'),(6,'小岛秀夫','2','1992-07-18','12345678901','2025-07-17 09:47:11','0');
/*!40000 ALTER TABLE `student` ENABLE KEYS */;
UNLOCK TABLES;

--
-- Table structure for table `sys_config`
--

DROP TABLE IF EXISTS `sys_config`;
/*!40101 SET @saved_cs_client     = @@character_set_client */;
/*!50503 SET character_set_client = utf8mb4 */;
CREATE TABLE `sys_config` (
  `config_id` int NOT NULL AUTO_INCREMENT COMMENT '参数主键',
  `config_name` varchar(100) COLLATE utf8mb4_general_ci DEFAULT '' COMMENT '参数名称',
  `config_key` varchar(100) COLLATE utf8mb4_general_ci DEFAULT '' COMMENT '参数键名',
  `config_value` varchar(500) COLLATE utf8mb4_general_ci DEFAULT '' COMMENT '参数键值',
  `config_type` char(1) COLLATE utf8mb4_general_ci DEFAULT 'N' COMMENT '系统内置（Y是 N否）',
  `create_by` varchar(64) COLLATE utf8mb4_general_ci DEFAULT '' COMMENT '创建者',
  `create_time` datetime DEFAULT NULL COMMENT '创建时间',
  `update_by` varchar(64) COLLATE utf8mb4_general_ci DEFAULT '' COMMENT '更新者',
  `update_time` datetime DEFAULT NULL COMMENT '更新时间',
  `remark` varchar(500) COLLATE utf8mb4_general_ci DEFAULT NULL COMMENT '备注',
  PRIMARY KEY (`config_id`)
) ENGINE=InnoDB AUTO_INCREMENT=100 DEFAULT CHARSET=utf8mb4 COLLATE=utf8mb4_general_ci COMMENT='参数配置表';
/*!40101 SET character_set_client = @saved_cs_client */;

--
-- Dumping data for table `sys_config`
--

LOCK TABLES `sys_config` WRITE;
/*!40000 ALTER TABLE `sys_config` DISABLE KEYS */;
INSERT INTO `sys_config` VALUES (1,'主框架页-默认皮肤样式名称','sys.index.skinName','skin-blue','Y','admin','2025-07-15 13:50:55','',NULL,'蓝色 skin-blue、绿色 skin-green、紫色 skin-purple、红色 skin-red、黄色 skin-yellow'),(2,'用户管理-账号初始密码','sys.user.initPassword','123456','Y','admin','2025-07-15 13:50:55','',NULL,'初始化密码 123456'),(3,'主框架页-侧边栏主题','sys.index.sideTheme','theme-dark','Y','admin','2025-07-15 13:50:55','',NULL,'深色主题theme-dark，浅色主题theme-light'),(4,'账号自助-验证码开关','sys.account.captchaEnabled','true','Y','admin','2025-07-15 13:50:55','',NULL,'是否开启验证码功能（true开启，false关闭）'),(5,'账号自助-是否开启用户注册功能','sys.account.registerUser','false','Y','admin','2025-07-15 13:50:55','',NULL,'是否开启注册用户功能（true开启，false关闭）'),(6,'用户登录-黑名单列表','sys.login.blackIPList','','Y','admin','2025-07-15 13:50:55','',NULL,'设置登录IP黑名单限制，多个匹配项以;分隔，支持匹配（*通配、网段）'),(7,'用户管理-初始密码修改策略','sys.account.initPasswordModify','1','Y','admin','2025-07-15 13:50:55','',NULL,'0：初始密码修改策略关闭，没有任何提示，1：提醒用户，如果未修改初始密码，则在登录时就会提醒修改密码对话框'),(8,'用户管理-账号密码更新周期','sys.account.passwordValidateDays','0','Y','admin','2025-07-15 13:50:55','',NULL,'密码更新周期（填写数字，数据初始化值为0不限制，若修改必须为大于0小于365的正整数），如果超过这个周期登录系统时，则在登录时就会提醒修改密码对话框');
/*!40000 ALTER TABLE `sys_config` ENABLE KEYS */;
UNLOCK TABLES;

--
-- Table structure for table `sys_dept`
--

DROP TABLE IF EXISTS `sys_dept`;
/*!40101 SET @saved_cs_client     = @@character_set_client */;
/*!50503 SET character_set_client = utf8mb4 */;
CREATE TABLE `sys_dept` (
  `dept_id` bigint NOT NULL AUTO_INCREMENT COMMENT '部门id',
  `parent_id` bigint DEFAULT '0' COMMENT '父部门id',
  `ancestors` varchar(50) COLLATE utf8mb4_general_ci DEFAULT '' COMMENT '祖级列表',
  `dept_name` varchar(30) COLLATE utf8mb4_general_ci DEFAULT '' COMMENT '部门名称',
  `order_num` int DEFAULT '0' COMMENT '显示顺序',
  `leader` varchar(20) COLLATE utf8mb4_general_ci DEFAULT NULL COMMENT '负责人',
  `phone` varchar(11) COLLATE utf8mb4_general_ci DEFAULT NULL COMMENT '联系电话',
  `email` varchar(50) COLLATE utf8mb4_general_ci DEFAULT NULL COMMENT '邮箱',
  `status` char(1) COLLATE utf8mb4_general_ci DEFAULT '0' COMMENT '部门状态（0正常 1停用）',
  `del_flag` char(1) COLLATE utf8mb4_general_ci DEFAULT '0' COMMENT '删除标志（0代表存在 2代表删除）',
  `create_by` varchar(64) COLLATE utf8mb4_general_ci DEFAULT '' COMMENT '创建者',
  `create_time` datetime DEFAULT NULL COMMENT '创建时间',
  `update_by` varchar(64) COLLATE utf8mb4_general_ci DEFAULT '' COMMENT '更新者',
  `update_time` datetime DEFAULT NULL COMMENT '更新时间',
  PRIMARY KEY (`dept_id`)
) ENGINE=InnoDB AUTO_INCREMENT=203 DEFAULT CHARSET=utf8mb4 COLLATE=utf8mb4_general_ci COMMENT='部门表';
/*!40101 SET character_set_client = @saved_cs_client */;

--
-- Dumping data for table `sys_dept`
--

LOCK TABLES `sys_dept` WRITE;
/*!40000 ALTER TABLE `sys_dept` DISABLE KEYS */;
INSERT INTO `sys_dept` VALUES (100,0,'0','奶龙驿站全国总站',0,'若依','15888888888','ry@qq.com','0','0','admin','2025-07-15 13:50:54','admin','2025-12-15 15:16:48'),(101,100,'0,100','深圳转运中心',3,'若依','15888888888','ry@qq.com','0','0','admin','2025-07-15 13:50:54','admin','2025-12-15 15:16:20'),(102,100,'0,100','北京转运中心',2,'若依','15888888888','ry@qq.com','0','0','admin','2025-07-15 13:50:54','admin','2025-12-15 15:16:02'),(103,101,'0,100,101','研发部门',1,'若依','15888888888','ry@qq.com','0','0','admin','2025-07-15 13:50:54','',NULL),(104,101,'0,100,101','市场部门',2,'若依','15888888888','ry@qq.com','0','0','admin','2025-07-15 13:50:54','',NULL),(105,101,'0,100,101','测试部门',3,'若依','15888888888','ry@qq.com','0','0','admin','2025-07-15 13:50:54','',NULL),(106,101,'0,100,101','财务部门',4,'若依','15888888888','ry@qq.com','0','0','admin','2025-07-15 13:50:54','',NULL),(107,101,'0,100,101','运维部门',5,'若依','15888888888','ry@qq.com','0','0','admin','2025-07-15 13:50:54','',NULL),(108,102,'0,100,102','市场部门',1,'若依','15888888888','ry@qq.com','0','2','admin','2025-07-15 13:50:54','',NULL),(109,102,'0,100,102','财务部门',2,'若依','15888888888','ry@qq.com','0','2','admin','2025-07-15 13:50:54','',NULL),(200,100,'0,100','上海转运中心',1,NULL,NULL,NULL,'0','0','admin','2025-12-15 15:15:24','',NULL),(201,200,'0,100,200','上师大奉贤驿站',1,NULL,NULL,NULL,'0','0','admin','2025-12-15 15:17:21','admin','2025-12-15 15:17:53'),(202,200,'0,100,200','上师大徐汇驿站',2,NULL,NULL,NULL,'0','0','admin','2025-12-15 15:17:44','',NULL);
/*!40000 ALTER TABLE `sys_dept` ENABLE KEYS */;
UNLOCK TABLES;

--
-- Table structure for table `sys_dict_data`
--

DROP TABLE IF EXISTS `sys_dict_data`;
/*!40101 SET @saved_cs_client     = @@character_set_client */;
/*!50503 SET character_set_client = utf8mb4 */;
CREATE TABLE `sys_dict_data` (
  `dict_code` bigint NOT NULL AUTO_INCREMENT COMMENT '字典编码',
  `dict_sort` int DEFAULT '0' COMMENT '字典排序',
  `dict_label` varchar(100) COLLATE utf8mb4_general_ci DEFAULT '' COMMENT '字典标签',
  `dict_value` varchar(100) COLLATE utf8mb4_general_ci DEFAULT '' COMMENT '字典键值',
  `dict_type` varchar(100) COLLATE utf8mb4_general_ci DEFAULT '' COMMENT '字典类型',
  `css_class` varchar(100) COLLATE utf8mb4_general_ci DEFAULT NULL COMMENT '样式属性（其他样式扩展）',
  `list_class` varchar(100) COLLATE utf8mb4_general_ci DEFAULT NULL COMMENT '表格回显样式',
  `is_default` char(1) COLLATE utf8mb4_general_ci DEFAULT 'N' COMMENT '是否默认（Y是 N否）',
  `status` char(1) COLLATE utf8mb4_general_ci DEFAULT '0' COMMENT '状态（0正常 1停用）',
  `create_by` varchar(64) COLLATE utf8mb4_general_ci DEFAULT '' COMMENT '创建者',
  `create_time` datetime DEFAULT NULL COMMENT '创建时间',
  `update_by` varchar(64) COLLATE utf8mb4_general_ci DEFAULT '' COMMENT '更新者',
  `update_time` datetime DEFAULT NULL COMMENT '更新时间',
  `remark` varchar(500) COLLATE utf8mb4_general_ci DEFAULT NULL COMMENT '备注',
  PRIMARY KEY (`dict_code`)
) ENGINE=InnoDB AUTO_INCREMENT=109 DEFAULT CHARSET=utf8mb4 COLLATE=utf8mb4_general_ci COMMENT='字典数据表';
/*!40101 SET character_set_client = @saved_cs_client */;

--
-- Dumping data for table `sys_dict_data`
--

LOCK TABLES `sys_dict_data` WRITE;
/*!40000 ALTER TABLE `sys_dict_data` DISABLE KEYS */;
INSERT INTO `sys_dict_data` VALUES (1,1,'男','0','sys_user_sex','','','Y','0','admin','2025-07-15 13:50:55','',NULL,'性别男'),(2,2,'女','1','sys_user_sex','','','N','0','admin','2025-07-15 13:50:55','',NULL,'性别女'),(3,3,'未知','2','sys_user_sex','','','N','0','admin','2025-07-15 13:50:55','',NULL,'性别未知'),(4,1,'显示','0','sys_show_hide','','primary','Y','0','admin','2025-07-15 13:50:55','',NULL,'显示菜单'),(5,2,'隐藏','1','sys_show_hide','','danger','N','0','admin','2025-07-15 13:50:55','',NULL,'隐藏菜单'),(6,1,'正常','0','sys_normal_disable','','primary','Y','0','admin','2025-07-15 13:50:55','',NULL,'正常状态'),(7,2,'停用','1','sys_normal_disable','','danger','N','0','admin','2025-07-15 13:50:55','',NULL,'停用状态'),(8,1,'正常','0','sys_job_status','','primary','Y','0','admin','2025-07-15 13:50:55','',NULL,'正常状态'),(9,2,'暂停','1','sys_job_status','','danger','N','0','admin','2025-07-15 13:50:55','',NULL,'停用状态'),(10,1,'默认','DEFAULT','sys_job_group','','','Y','0','admin','2025-07-15 13:50:55','',NULL,'默认分组'),(11,2,'系统','SYSTEM','sys_job_group','','','N','0','admin','2025-07-15 13:50:55','',NULL,'系统分组'),(12,1,'是','Y','sys_yes_no','','primary','Y','0','admin','2025-07-15 13:50:55','',NULL,'系统默认是'),(13,2,'否','N','sys_yes_no','','danger','N','0','admin','2025-07-15 13:50:55','',NULL,'系统默认否'),(14,1,'通知','1','sys_notice_type','','warning','Y','0','admin','2025-07-15 13:50:55','',NULL,'通知'),(15,2,'公告','2','sys_notice_type','','success','N','0','admin','2025-07-15 13:50:55','',NULL,'公告'),(16,1,'正常','0','sys_notice_status','','primary','Y','0','admin','2025-07-15 13:50:55','',NULL,'正常状态'),(17,2,'关闭','1','sys_notice_status','','danger','N','0','admin','2025-07-15 13:50:55','',NULL,'关闭状态'),(18,99,'其他','0','sys_oper_type','','info','N','0','admin','2025-07-15 13:50:55','',NULL,'其他操作'),(19,1,'新增','1','sys_oper_type','','info','N','0','admin','2025-07-15 13:50:55','',NULL,'新增操作'),(20,2,'修改','2','sys_oper_type','','info','N','0','admin','2025-07-15 13:50:55','',NULL,'修改操作'),(21,3,'删除','3','sys_oper_type','','danger','N','0','admin','2025-07-15 13:50:55','',NULL,'删除操作'),(22,4,'授权','4','sys_oper_type','','primary','N','0','admin','2025-07-15 13:50:55','',NULL,'授权操作'),(23,5,'导出','5','sys_oper_type','','warning','N','0','admin','2025-07-15 13:50:55','',NULL,'导出操作'),(24,6,'导入','6','sys_oper_type','','warning','N','0','admin','2025-07-15 13:50:55','',NULL,'导入操作'),(25,7,'强退','7','sys_oper_type','','danger','N','0','admin','2025-07-15 13:50:55','',NULL,'强退操作'),(26,8,'生成代码','8','sys_oper_type','','warning','N','0','admin','2025-07-15 13:50:55','',NULL,'生成操作'),(27,9,'清空数据','9','sys_oper_type','','danger','N','0','admin','2025-07-15 13:50:55','',NULL,'清空操作'),(28,1,'成功','0','sys_common_status','','primary','N','0','admin','2025-07-15 13:50:55','',NULL,'正常状态'),(29,2,'失败','1','sys_common_status','','danger','N','0','admin','2025-07-15 13:50:55','',NULL,'停用状态'),(100,0,'待审核','0','stu_audit_result',NULL,'default','N','0','admin','2025-07-17 10:39:55','admin','2025-07-17 10:40:11','待审核'),(101,1,'通过','1','stu_audit_result',NULL,'default','N','0','admin','2025-07-17 10:40:29','admin','2025-07-17 10:41:48','通过'),(102,2,'未通过','2','stu_audit_result',NULL,'default','N','0','admin','2025-07-17 10:41:08','admin','2025-07-17 10:41:39','未通过'),(103,0,'病假','0','stu_leave_type',NULL,'default','N','0','admin','2025-07-17 10:43:17','',NULL,NULL),(104,1,'事假','1','stu_leave_type',NULL,'default','N','0','admin','2025-07-17 10:43:35','',NULL,NULL),(105,2,'公假','2','stu_leave_type',NULL,'default','N','0','admin','2025-07-17 10:43:44','',NULL,NULL),(106,3,'孕假','3','stu_leave_type',NULL,'default','N','0','admin','2025-07-17 10:43:55','',NULL,NULL),(107,4,'年假','4','stu_leave_type',NULL,'default','N','0','admin','2025-07-17 10:44:08','',NULL,NULL),(108,5,'其他','5','stu_leave_type',NULL,'default','N','0','admin','2025-07-17 10:44:17','',NULL,NULL);
/*!40000 ALTER TABLE `sys_dict_data` ENABLE KEYS */;
UNLOCK TABLES;

--
-- Table structure for table `sys_dict_type`
--

DROP TABLE IF EXISTS `sys_dict_type`;
/*!40101 SET @saved_cs_client     = @@character_set_client */;
/*!50503 SET character_set_client = utf8mb4 */;
CREATE TABLE `sys_dict_type` (
  `dict_id` bigint NOT NULL AUTO_INCREMENT COMMENT '字典主键',
  `dict_name` varchar(100) COLLATE utf8mb4_general_ci DEFAULT '' COMMENT '字典名称',
  `dict_type` varchar(100) COLLATE utf8mb4_general_ci DEFAULT '' COMMENT '字典类型',
  `status` char(1) COLLATE utf8mb4_general_ci DEFAULT '0' COMMENT '状态（0正常 1停用）',
  `create_by` varchar(64) COLLATE utf8mb4_general_ci DEFAULT '' COMMENT '创建者',
  `create_time` datetime DEFAULT NULL COMMENT '创建时间',
  `update_by` varchar(64) COLLATE utf8mb4_general_ci DEFAULT '' COMMENT '更新者',
  `update_time` datetime DEFAULT NULL COMMENT '更新时间',
  `remark` varchar(500) COLLATE utf8mb4_general_ci DEFAULT NULL COMMENT '备注',
  PRIMARY KEY (`dict_id`),
  UNIQUE KEY `dict_type` (`dict_type`)
) ENGINE=InnoDB AUTO_INCREMENT=102 DEFAULT CHARSET=utf8mb4 COLLATE=utf8mb4_general_ci COMMENT='字典类型表';
/*!40101 SET character_set_client = @saved_cs_client */;

--
-- Dumping data for table `sys_dict_type`
--

LOCK TABLES `sys_dict_type` WRITE;
/*!40000 ALTER TABLE `sys_dict_type` DISABLE KEYS */;
INSERT INTO `sys_dict_type` VALUES (1,'用户性别','sys_user_sex','0','admin','2025-07-15 13:50:54','',NULL,'用户性别列表'),(2,'菜单状态','sys_show_hide','0','admin','2025-07-15 13:50:54','',NULL,'菜单状态列表'),(3,'系统开关','sys_normal_disable','0','admin','2025-07-15 13:50:54','',NULL,'系统开关列表'),(4,'任务状态','sys_job_status','0','admin','2025-07-15 13:50:54','',NULL,'任务状态列表'),(5,'任务分组','sys_job_group','0','admin','2025-07-15 13:50:54','',NULL,'任务分组列表'),(6,'系统是否','sys_yes_no','0','admin','2025-07-15 13:50:54','',NULL,'系统是否列表'),(7,'通知类型','sys_notice_type','0','admin','2025-07-15 13:50:54','',NULL,'通知类型列表'),(8,'通知状态','sys_notice_status','0','admin','2025-07-15 13:50:54','',NULL,'通知状态列表'),(9,'操作类型','sys_oper_type','0','admin','2025-07-15 13:50:54','',NULL,'操作类型列表'),(10,'系统状态','sys_common_status','0','admin','2025-07-15 13:50:54','',NULL,'登录状态列表'),(100,'审核结果','stu_audit_result','0','admin','2025-07-17 10:39:12','admin','2025-07-17 10:42:28','审核结果列表'),(101,'请假类型','stu_leave_type','0','admin','2025-07-17 10:42:51','',NULL,'请假类型列表');
/*!40000 ALTER TABLE `sys_dict_type` ENABLE KEYS */;
UNLOCK TABLES;

--
-- Table structure for table `sys_job`
--

DROP TABLE IF EXISTS `sys_job`;
/*!40101 SET @saved_cs_client     = @@character_set_client */;
/*!50503 SET character_set_client = utf8mb4 */;
CREATE TABLE `sys_job` (
  `job_id` bigint NOT NULL AUTO_INCREMENT COMMENT '任务ID',
  `job_name` varchar(64) COLLATE utf8mb4_general_ci NOT NULL DEFAULT '' COMMENT '任务名称',
  `job_group` varchar(64) COLLATE utf8mb4_general_ci NOT NULL DEFAULT 'DEFAULT' COMMENT '任务组名',
  `invoke_target` varchar(500) COLLATE utf8mb4_general_ci NOT NULL COMMENT '调用目标字符串',
  `cron_expression` varchar(255) COLLATE utf8mb4_general_ci DEFAULT '' COMMENT 'cron执行表达式',
  `misfire_policy` varchar(20) COLLATE utf8mb4_general_ci DEFAULT '3' COMMENT '计划执行错误策略（1立即执行 2执行一次 3放弃执行）',
  `concurrent` char(1) COLLATE utf8mb4_general_ci DEFAULT '1' COMMENT '是否并发执行（0允许 1禁止）',
  `status` char(1) COLLATE utf8mb4_general_ci DEFAULT '0' COMMENT '状态（0正常 1暂停）',
  `create_by` varchar(64) COLLATE utf8mb4_general_ci DEFAULT '' COMMENT '创建者',
  `create_time` datetime DEFAULT NULL COMMENT '创建时间',
  `update_by` varchar(64) COLLATE utf8mb4_general_ci DEFAULT '' COMMENT '更新者',
  `update_time` datetime DEFAULT NULL COMMENT '更新时间',
  `remark` varchar(500) COLLATE utf8mb4_general_ci DEFAULT '' COMMENT '备注信息',
  PRIMARY KEY (`job_id`,`job_name`,`job_group`)
) ENGINE=InnoDB AUTO_INCREMENT=100 DEFAULT CHARSET=utf8mb4 COLLATE=utf8mb4_general_ci COMMENT='定时任务调度表';
/*!40101 SET character_set_client = @saved_cs_client */;

--
-- Dumping data for table `sys_job`
--

LOCK TABLES `sys_job` WRITE;
/*!40000 ALTER TABLE `sys_job` DISABLE KEYS */;
INSERT INTO `sys_job` VALUES (1,'系统默认（无参）','DEFAULT','ryTask.ryNoParams','0/10 * * * * ?','3','1','1','admin','2025-07-15 13:50:55','',NULL,''),(2,'系统默认（有参）','DEFAULT','ryTask.ryParams(\'ry\')','0/15 * * * * ?','3','1','1','admin','2025-07-15 13:50:55','',NULL,''),(3,'系统默认（多参）','DEFAULT','ryTask.ryMultipleParams(\'ry\', true, 2000L, 316.50D, 100)','0/20 * * * * ?','3','1','1','admin','2025-07-15 13:50:55','',NULL,'');
/*!40000 ALTER TABLE `sys_job` ENABLE KEYS */;
UNLOCK TABLES;

--
-- Table structure for table `sys_job_log`
--

DROP TABLE IF EXISTS `sys_job_log`;
/*!40101 SET @saved_cs_client     = @@character_set_client */;
/*!50503 SET character_set_client = utf8mb4 */;
CREATE TABLE `sys_job_log` (
  `job_log_id` bigint NOT NULL AUTO_INCREMENT COMMENT '任务日志ID',
  `job_name` varchar(64) COLLATE utf8mb4_general_ci NOT NULL COMMENT '任务名称',
  `job_group` varchar(64) COLLATE utf8mb4_general_ci NOT NULL COMMENT '任务组名',
  `invoke_target` varchar(500) COLLATE utf8mb4_general_ci NOT NULL COMMENT '调用目标字符串',
  `job_message` varchar(500) COLLATE utf8mb4_general_ci DEFAULT NULL COMMENT '日志信息',
  `status` char(1) COLLATE utf8mb4_general_ci DEFAULT '0' COMMENT '执行状态（0正常 1失败）',
  `exception_info` varchar(2000) COLLATE utf8mb4_general_ci DEFAULT '' COMMENT '异常信息',
  `create_time` datetime DEFAULT NULL COMMENT '创建时间',
  PRIMARY KEY (`job_log_id`)
) ENGINE=InnoDB DEFAULT CHARSET=utf8mb4 COLLATE=utf8mb4_general_ci COMMENT='定时任务调度日志表';
/*!40101 SET character_set_client = @saved_cs_client */;

--
-- Dumping data for table `sys_job_log`
--

LOCK TABLES `sys_job_log` WRITE;
/*!40000 ALTER TABLE `sys_job_log` DISABLE KEYS */;
/*!40000 ALTER TABLE `sys_job_log` ENABLE KEYS */;
UNLOCK TABLES;

--
-- Table structure for table `sys_logininfor`
--

DROP TABLE IF EXISTS `sys_logininfor`;
/*!40101 SET @saved_cs_client     = @@character_set_client */;
/*!50503 SET character_set_client = utf8mb4 */;
CREATE TABLE `sys_logininfor` (
  `info_id` bigint NOT NULL AUTO_INCREMENT COMMENT '访问ID',
  `user_name` varchar(50) COLLATE utf8mb4_general_ci DEFAULT '' COMMENT '用户账号',
  `ipaddr` varchar(128) COLLATE utf8mb4_general_ci DEFAULT '' COMMENT '登录IP地址',
  `login_location` varchar(255) COLLATE utf8mb4_general_ci DEFAULT '' COMMENT '登录地点',
  `browser` varchar(50) COLLATE utf8mb4_general_ci DEFAULT '' COMMENT '浏览器类型',
  `os` varchar(50) COLLATE utf8mb4_general_ci DEFAULT '' COMMENT '操作系统',
  `status` char(1) COLLATE utf8mb4_general_ci DEFAULT '0' COMMENT '登录状态（0成功 1失败）',
  `msg` varchar(255) COLLATE utf8mb4_general_ci DEFAULT '' COMMENT '提示消息',
  `login_time` datetime DEFAULT NULL COMMENT '访问时间',
  PRIMARY KEY (`info_id`),
  KEY `idx_sys_logininfor_s` (`status`),
  KEY `idx_sys_logininfor_lt` (`login_time`)
) ENGINE=InnoDB AUTO_INCREMENT=193 DEFAULT CHARSET=utf8mb4 COLLATE=utf8mb4_general_ci COMMENT='系统访问记录';
/*!40101 SET character_set_client = @saved_cs_client */;

--
-- Dumping data for table `sys_logininfor`
--

LOCK TABLES `sys_logininfor` WRITE;
/*!40000 ALTER TABLE `sys_logininfor` DISABLE KEYS */;
INSERT INTO `sys_logininfor` VALUES (100,'admin','127.0.0.1','内网IP','Chrome 13','Windows 10','0','登录成功','2025-07-15 14:23:58'),(101,'admin','172.21.23.30','内网IP','Chrome 13','Windows 10','1','用户不存在/密码错误','2025-07-15 16:14:57'),(102,'admin','172.21.23.30','内网IP','Chrome 13','Windows 10','0','登录成功','2025-07-15 16:15:04'),(103,'admin','127.0.0.1','内网IP','Chrome 13','Windows 10','0','登录成功','2025-07-16 08:41:34'),(104,'admin','127.0.0.1','内网IP','Chrome 13','Windows 10','0','登录成功','2025-07-16 10:44:52'),(105,'admin','127.0.0.1','内网IP','Chrome 13','Windows 10','0','登录成功','2025-07-16 12:45:00'),(106,'admin','127.0.0.1','内网IP','Chrome 13','Windows 10','0','登录成功','2025-07-16 13:54:11'),(107,'admin','127.0.0.1','内网IP','Chrome 13','Windows 10','0','登录成功','2025-07-16 14:53:13'),(108,'admin','127.0.0.1','内网IP','Chrome 13','Windows 10','0','登录成功','2025-07-16 16:36:29'),(109,'admin','127.0.0.1','内网IP','Chrome 13','Windows 10','0','退出成功','2025-07-16 17:07:54'),(110,'admin','127.0.0.1','内网IP','Chrome 13','Windows 10','0','登录成功','2025-07-16 17:08:05'),(111,'admin','127.0.0.1','内网IP','Chrome 13','Windows 10','0','退出成功','2025-07-16 17:08:15'),(112,'guest1','127.0.0.1','内网IP','Chrome 13','Windows 10','0','登录成功','2025-07-16 17:08:27'),(113,'guest1','127.0.0.1','内网IP','Chrome 13','Windows 10','0','退出成功','2025-07-16 17:08:36'),(114,'admin','127.0.0.1','内网IP','Chrome 13','Windows 10','0','登录成功','2025-07-16 17:08:43'),(115,'admin','127.0.0.1','内网IP','Chrome 13','Windows 10','0','退出成功','2025-07-16 17:09:01'),(116,'guest1','127.0.0.1','内网IP','Chrome 13','Windows 10','0','登录成功','2025-07-16 17:09:11'),(117,'guest1','127.0.0.1','内网IP','Chrome 13','Windows 10','0','退出成功','2025-07-16 17:09:43'),(118,'admin','127.0.0.1','内网IP','Chrome 13','Windows 10','0','登录成功','2025-07-16 17:09:46'),(119,'admin','127.0.0.1','内网IP','Chrome 13','Windows 10','0','登录成功','2025-07-17 08:35:18'),(120,'admin','127.0.0.1','内网IP','Chrome 13','Windows 10','0','退出成功','2025-07-17 09:00:19'),(121,'admin','127.0.0.1','内网IP','Chrome 13','Windows 10','0','登录成功','2025-07-17 09:00:34'),(122,'admin','127.0.0.1','内网IP','Chrome 13','Windows 10','0','退出成功','2025-07-17 09:08:26'),(123,'admin','127.0.0.1','内网IP','Chrome 13','Windows 10','0','登录成功','2025-07-17 09:14:38'),(124,'admin','127.0.0.1','内网IP','Chrome 13','Windows 10','0','登录成功','2025-07-17 10:12:19'),(125,'admin','127.0.0.1','内网IP','Chrome 13','Windows 10','1','用户不存在/密码错误','2025-07-17 13:11:19'),(126,'admin','127.0.0.1','内网IP','Chrome 13','Windows 10','1','验证码错误','2025-07-17 13:11:23'),(127,'admin','127.0.0.1','内网IP','Chrome 13','Windows 10','0','登录成功','2025-07-17 13:11:26'),(128,'admin','127.0.0.1','内网IP','Chrome 13','Windows 10','1','用户不存在/密码错误','2025-07-17 14:26:49'),(129,'admin','127.0.0.1','内网IP','Chrome 13','Windows 10','1','用户不存在/密码错误','2025-07-17 14:26:56'),(130,'admin','127.0.0.1','内网IP','Chrome 13','Windows 10','0','登录成功','2025-07-17 14:27:03'),(131,'admin','127.0.0.1','内网IP','Chrome 13','Windows 10','0','退出成功','2025-07-17 14:29:40'),(132,'张三','127.0.0.1','内网IP','Chrome 13','Windows 10','0','登录成功','2025-07-17 14:29:49'),(133,'张三','127.0.0.1','内网IP','Chrome 13','Windows 10','0','退出成功','2025-07-17 14:29:59'),(134,'admin','127.0.0.1','内网IP','Chrome 13','Windows 10','0','登录成功','2025-07-17 14:30:02'),(135,'admin','127.0.0.1','内网IP','Chrome 13','Windows 10','0','退出成功','2025-07-17 14:30:39'),(136,'张三','127.0.0.1','内网IP','Chrome 13','Windows 10','0','登录成功','2025-07-17 14:30:54'),(137,'张三','127.0.0.1','内网IP','Chrome 13','Windows 10','0','退出成功','2025-07-17 14:31:16'),(138,'admin','127.0.0.1','内网IP','Chrome 13','Windows 10','0','登录成功','2025-07-17 14:31:18'),(139,'admin','127.0.0.1','内网IP','Chrome 13','Windows 10','0','退出成功','2025-07-17 14:31:52'),(140,'张三','127.0.0.1','内网IP','Chrome 13','Windows 10','0','登录成功','2025-07-17 14:32:02'),(141,'张三','127.0.0.1','内网IP','Chrome 13','Windows 10','0','退出成功','2025-07-17 15:47:41'),(142,'admin','127.0.0.1','内网IP','Chrome 13','Windows 10','0','登录成功','2025-07-17 15:47:46'),(143,'admin','127.0.0.1','内网IP','Chrome 13','Windows 10','0','登录成功','2025-07-18 08:42:41'),(144,'admin','127.0.0.1','内网IP','Chrome 13','Windows 10','0','登录成功','2025-07-18 10:46:20'),(145,'admin','127.0.0.1','内网IP','Chrome 13','Windows 10','0','登录成功','2025-07-18 13:23:54'),(146,'admin','127.0.0.1','内网IP','Chrome 13','Windows 10','0','登录成功','2025-07-18 16:32:41'),(147,'admin','127.0.0.1','内网IP','Chrome 13','Windows 10','0','登录成功','2025-07-21 08:43:52'),(148,'admin','127.0.0.1','内网IP','Chrome 13','Windows 10','0','登录成功','2025-07-21 11:31:47'),(149,'admin','127.0.0.1','内网IP','Chrome 13','Windows 10','0','登录成功','2025-07-21 14:00:32'),(150,'admin','127.0.0.1','内网IP','Chrome 13','Windows 10','0','登录成功','2025-07-21 15:22:29'),(151,'admin','127.0.0.1','内网IP','Chrome 13','Windows 10','0','登录成功','2025-07-21 17:29:59'),(152,'admin','127.0.0.1','内网IP','Chrome 13','Windows 10','0','登录成功','2025-07-22 08:40:37'),(153,'admin','127.0.0.1','内网IP','Chrome 13','Windows 10','0','登录成功','2025-07-23 08:46:30'),(154,'admin','127.0.0.1','内网IP','Chrome 13','Windows 10','0','登录成功','2025-07-23 16:23:39'),(155,'admin','127.0.0.1','内网IP','Chrome 13','Windows 10','0','登录成功','2025-07-25 08:26:35'),(156,'admin','127.0.0.1','内网IP','Chrome 13','Windows 10','0','登录成功','2025-07-28 08:28:14'),(157,'admin','127.0.0.1','内网IP','Chrome 13','Windows 10','0','登录成功','2025-07-29 08:33:14'),(158,'admin','127.0.0.1','内网IP','Chrome 13','Windows 10','0','登录成功','2025-07-30 08:32:50'),(159,'admin','127.0.0.1','内网IP','Chrome 13','Windows 10','0','登录成功','2025-07-30 13:41:49'),(160,'admin','127.0.0.1','内网IP','Chrome 13','Windows 10','0','登录成功','2025-07-31 08:38:08'),(161,'admin','127.0.0.1','内网IP','Chrome 13','Windows 10','1','验证码已失效','2025-08-01 16:33:23'),(162,'admin','127.0.0.1','内网IP','Chrome 13','Windows 10','0','登录成功','2025-08-01 16:33:27'),(163,'admin','127.0.0.1','内网IP','Chrome 14','Windows 10','0','登录成功','2025-09-24 19:42:16'),(164,'admin','127.0.0.1','内网IP','Chrome 14','Windows 10','0','登录成功','2025-10-22 18:57:05'),(165,'admin','127.0.0.1','内网IP','Chrome 14','Windows 10','0','登录成功','2025-11-04 19:07:37'),(166,'admin','127.0.0.1','内网IP','Chrome 14','Windows 10','0','登录成功','2025-11-04 19:22:59'),(167,'admin','127.0.0.1','内网IP','Chrome 14','Windows 10','0','退出成功','2025-11-04 19:43:18'),(168,'admin','127.0.0.1','内网IP','Chrome 14','Windows 10','1','验证码错误','2025-11-04 19:43:25'),(169,'admin','127.0.0.1','内网IP','Chrome 14','Windows 10','0','登录成功','2025-11-04 19:43:29'),(170,'admin','127.0.0.1','内网IP','Chrome 14','Windows 10','0','登录成功','2025-11-04 22:37:09'),(171,'admin','127.0.0.1','内网IP','Chrome 14','Windows 10','0','登录成功','2025-11-06 19:57:49'),(172,'admin','127.0.0.1','内网IP','Chrome 14','Windows 10','0','登录成功','2025-11-30 15:35:50'),(173,'admin','127.0.0.1','内网IP','Chrome 14','Windows 10','0','登录成功','2025-12-09 00:14:44'),(174,'admin','127.0.0.1','内网IP','Chrome 14','Windows 10','0','登录成功','2025-12-09 01:30:47'),(175,'admin','127.0.0.1','内网IP','Chrome 14','Windows 10','0','登录成功','2025-12-09 01:39:29'),(176,'admin','127.0.0.1','内网IP','Chrome 14','Windows 10','1','验证码错误','2025-12-09 08:02:56'),(177,'admin','127.0.0.1','内网IP','Chrome 14','Windows 10','0','登录成功','2025-12-09 08:03:00'),(178,'admin','127.0.0.1','内网IP','Chrome 14','Windows 10','0','登录成功','2025-12-09 09:13:48'),(179,'admin','127.0.0.1','内网IP','Chrome 14','Windows 10','0','登录成功','2025-12-10 14:13:16'),(180,'admin','127.0.0.1','内网IP','Chrome 14','Windows 10','0','登录成功','2025-12-15 14:55:05'),(181,'admin','127.0.0.1','内网IP','Chrome 14','Windows 10','0','退出成功','2025-12-15 15:22:17'),(182,'张三','127.0.0.1','内网IP','Chrome 14','Windows 10','0','登录成功','2025-12-15 15:22:43'),(183,'张三','127.0.0.1','内网IP','Chrome 14','Windows 10','0','退出成功','2025-12-15 15:23:10'),(184,'admin','127.0.0.1','内网IP','Chrome 14','Windows 10','0','登录成功','2025-12-15 15:23:13'),(185,'admin','127.0.0.1','内网IP','Chrome 14','Windows 10','0','退出成功','2025-12-15 15:25:21'),(186,'张三','127.0.0.1','内网IP','Chrome 14','Windows 10','0','登录成功','2025-12-15 15:25:29'),(187,'张三','127.0.0.1','内网IP','Chrome 14','Windows 10','0','退出成功','2025-12-15 15:26:04'),(188,'admin','127.0.0.1','内网IP','Chrome 14','Windows 10','0','登录成功','2025-12-15 15:26:07'),(189,'admin','127.0.0.1','内网IP','Chrome 14','Windows 10','0','登录成功','2025-12-15 23:07:35'),(190,'admin','127.0.0.1','内网IP','Chrome 14','Windows 10','0','登录成功','2025-12-16 09:25:49'),(191,'admin','127.0.0.1','内网IP','Chrome 14','Windows 10','0','退出成功','2025-12-16 09:30:18'),(192,'张三','127.0.0.1','内网IP','Chrome 14','Windows 10','0','登录成功','2025-12-16 09:30:28');
/*!40000 ALTER TABLE `sys_logininfor` ENABLE KEYS */;
UNLOCK TABLES;

--
-- Table structure for table `sys_menu`
--

DROP TABLE IF EXISTS `sys_menu`;
/*!40101 SET @saved_cs_client     = @@character_set_client */;
/*!50503 SET character_set_client = utf8mb4 */;
CREATE TABLE `sys_menu` (
  `menu_id` bigint NOT NULL AUTO_INCREMENT COMMENT '菜单ID',
  `menu_name` varchar(50) COLLATE utf8mb4_general_ci NOT NULL COMMENT '菜单名称',
  `parent_id` bigint DEFAULT '0' COMMENT '父菜单ID',
  `order_num` int DEFAULT '0' COMMENT '显示顺序',
  `path` varchar(200) COLLATE utf8mb4_general_ci DEFAULT '' COMMENT '路由地址',
  `component` varchar(255) COLLATE utf8mb4_general_ci DEFAULT NULL COMMENT '组件路径',
  `query` varchar(255) COLLATE utf8mb4_general_ci DEFAULT NULL COMMENT '路由参数',
  `route_name` varchar(50) COLLATE utf8mb4_general_ci DEFAULT '' COMMENT '路由名称',
  `is_frame` int DEFAULT '1' COMMENT '是否为外链（0是 1否）',
  `is_cache` int DEFAULT '0' COMMENT '是否缓存（0缓存 1不缓存）',
  `menu_type` char(1) COLLATE utf8mb4_general_ci DEFAULT '' COMMENT '菜单类型（M目录 C菜单 F按钮）',
  `visible` char(1) COLLATE utf8mb4_general_ci DEFAULT '0' COMMENT '菜单状态（0显示 1隐藏）',
  `status` char(1) COLLATE utf8mb4_general_ci DEFAULT '0' COMMENT '菜单状态（0正常 1停用）',
  `perms` varchar(100) COLLATE utf8mb4_general_ci DEFAULT NULL COMMENT '权限标识',
  `icon` varchar(100) COLLATE utf8mb4_general_ci DEFAULT '#' COMMENT '菜单图标',
  `create_by` varchar(64) COLLATE utf8mb4_general_ci DEFAULT '' COMMENT '创建者',
  `create_time` datetime DEFAULT NULL COMMENT '创建时间',
  `update_by` varchar(64) COLLATE utf8mb4_general_ci DEFAULT '' COMMENT '更新者',
  `update_time` datetime DEFAULT NULL COMMENT '更新时间',
  `remark` varchar(500) COLLATE utf8mb4_general_ci DEFAULT '' COMMENT '备注',
  PRIMARY KEY (`menu_id`)
) ENGINE=InnoDB AUTO_INCREMENT=2033 DEFAULT CHARSET=utf8mb4 COLLATE=utf8mb4_general_ci COMMENT='菜单权限表';
/*!40101 SET character_set_client = @saved_cs_client */;

--
-- Dumping data for table `sys_menu`
--

LOCK TABLES `sys_menu` WRITE;
/*!40000 ALTER TABLE `sys_menu` DISABLE KEYS */;
INSERT INTO `sys_menu` VALUES (1,'系统管理',0,11,'system',NULL,'','',1,0,'M','0','0','','system','admin','2025-07-15 13:50:54','admin','2025-12-15 15:04:57','系统管理目录'),(2,'系统监控',0,13,'monitor',NULL,'','',1,0,'M','0','0','','monitor','admin','2025-07-15 13:50:54','admin','2025-12-15 15:03:21','系统监控目录'),(3,'系统工具',0,12,'tool',NULL,'','',1,0,'M','0','0','','tool','admin','2025-07-15 13:50:54','admin','2025-12-15 15:05:02','系统工具目录'),(4,'工作文档',0,99,'https://vcnfzvrvujwh.feishu.cn/wiki/Hj36wCdGJiB2i2kUIBwcZsbJnmh',NULL,'','',0,0,'M','0','0','','guide','admin','2025-07-15 13:50:54','admin','2025-12-15 15:03:27','若依官网地址'),(100,'用户管理',1,1,'user','system/user/index','','',1,0,'C','0','0','system:user:list','user','admin','2025-07-15 13:50:54','',NULL,'用户管理菜单'),(101,'角色管理',1,2,'role','system/role/index','','',1,0,'C','0','0','system:role:list','peoples','admin','2025-07-15 13:50:54','',NULL,'角色管理菜单'),(102,'菜单管理',1,3,'menu','system/menu/index','','',1,0,'C','0','0','system:menu:list','tree-table','admin','2025-07-15 13:50:54','',NULL,'菜单管理菜单'),(103,'部门管理',2024,4,'dept','system/dept/index','','',1,0,'C','0','0','system:dept:list','tree','admin','2025-07-15 13:50:54','admin','2025-12-15 15:18:35','部门管理菜单'),(104,'岗位管理',1,5,'post','system/post/index','','',1,0,'C','0','0','system:post:list','post','admin','2025-07-15 13:50:54','',NULL,'岗位管理菜单'),(105,'字典管理',1,6,'dict','system/dict/index','','',1,0,'C','0','0','system:dict:list','dict','admin','2025-07-15 13:50:54','',NULL,'字典管理菜单'),(106,'参数设置',1,7,'config','system/config/index','','',1,0,'C','0','0','system:config:list','edit','admin','2025-07-15 13:50:54','',NULL,'参数设置菜单'),(107,'通知公告',1,8,'notice','system/notice/index','','',1,0,'C','0','0','system:notice:list','message','admin','2025-07-15 13:50:54','',NULL,'通知公告菜单'),(108,'日志管理',1,9,'log','','','',1,0,'M','0','0','','log','admin','2025-07-15 13:50:54','',NULL,'日志管理菜单'),(109,'在线用户',2,1,'online','monitor/online/index','','',1,0,'C','0','0','monitor:online:list','online','admin','2025-07-15 13:50:54','',NULL,'在线用户菜单'),(110,'定时任务',2,2,'job','monitor/job/index','','',1,0,'C','0','0','monitor:job:list','job','admin','2025-07-15 13:50:54','',NULL,'定时任务菜单'),(111,'数据监控',2,3,'druid','monitor/druid/index','','',1,0,'C','0','0','monitor:druid:list','druid','admin','2025-07-15 13:50:54','',NULL,'数据监控菜单'),(112,'服务监控',2,4,'server','monitor/server/index','','',1,0,'C','0','0','monitor:server:list','server','admin','2025-07-15 13:50:54','',NULL,'服务监控菜单'),(113,'缓存监控',2,5,'cache','monitor/cache/index','','',1,0,'C','0','0','monitor:cache:list','redis','admin','2025-07-15 13:50:54','',NULL,'缓存监控菜单'),(114,'缓存列表',2,6,'cacheList','monitor/cache/list','','',1,0,'C','0','0','monitor:cache:list','redis-list','admin','2025-07-15 13:50:54','',NULL,'缓存列表菜单'),(115,'表单构建',3,1,'build','tool/build/index','','',1,0,'C','0','0','tool:build:list','build','admin','2025-07-15 13:50:54','',NULL,'表单构建菜单'),(116,'代码生成',3,2,'gen','tool/gen/index','','',1,0,'C','0','0','tool:gen:list','code','admin','2025-07-15 13:50:54','',NULL,'代码生成菜单'),(117,'系统接口',3,3,'swagger','tool/swagger/index','','',1,0,'C','0','0','tool:swagger:list','swagger','admin','2025-07-15 13:50:54','',NULL,'系统接口菜单'),(500,'操作日志',108,1,'operlog','monitor/operlog/index','','',1,0,'C','0','0','monitor:operlog:list','form','admin','2025-07-15 13:50:54','',NULL,'操作日志菜单'),(501,'登录日志',108,2,'logininfor','monitor/logininfor/index','','',1,0,'C','0','0','monitor:logininfor:list','logininfor','admin','2025-07-15 13:50:54','',NULL,'登录日志菜单'),(1000,'用户查询',100,1,'','','','',1,0,'F','0','0','system:user:query','#','admin','2025-07-15 13:50:54','',NULL,''),(1001,'用户新增',100,2,'','','','',1,0,'F','0','0','system:user:add','#','admin','2025-07-15 13:50:54','',NULL,''),(1002,'用户修改',100,3,'','','','',1,0,'F','0','0','system:user:edit','#','admin','2025-07-15 13:50:54','',NULL,''),(1003,'用户删除',100,4,'','','','',1,0,'F','0','0','system:user:remove','#','admin','2025-07-15 13:50:54','',NULL,''),(1004,'用户导出',100,5,'','','','',1,0,'F','0','0','system:user:export','#','admin','2025-07-15 13:50:54','',NULL,''),(1005,'用户导入',100,6,'','','','',1,0,'F','0','0','system:user:import','#','admin','2025-07-15 13:50:54','',NULL,''),(1006,'重置密码',100,7,'','','','',1,0,'F','0','0','system:user:resetPwd','#','admin','2025-07-15 13:50:54','',NULL,''),(1007,'角色查询',101,1,'','','','',1,0,'F','0','0','system:role:query','#','admin','2025-07-15 13:50:54','',NULL,''),(1008,'角色新增',101,2,'','','','',1,0,'F','0','0','system:role:add','#','admin','2025-07-15 13:50:54','',NULL,''),(1009,'角色修改',101,3,'','','','',1,0,'F','0','0','system:role:edit','#','admin','2025-07-15 13:50:54','',NULL,''),(1010,'角色删除',101,4,'','','','',1,0,'F','0','0','system:role:remove','#','admin','2025-07-15 13:50:54','',NULL,''),(1011,'角色导出',101,5,'','','','',1,0,'F','0','0','system:role:export','#','admin','2025-07-15 13:50:54','',NULL,''),(1012,'菜单查询',102,1,'','','','',1,0,'F','0','0','system:menu:query','#','admin','2025-07-15 13:50:54','',NULL,''),(1013,'菜单新增',102,2,'','','','',1,0,'F','0','0','system:menu:add','#','admin','2025-07-15 13:50:54','',NULL,''),(1014,'菜单修改',102,3,'','','','',1,0,'F','0','0','system:menu:edit','#','admin','2025-07-15 13:50:54','',NULL,''),(1015,'菜单删除',102,4,'','','','',1,0,'F','0','0','system:menu:remove','#','admin','2025-07-15 13:50:54','',NULL,''),(1016,'部门查询',103,1,'','','','',1,0,'F','0','0','system:dept:query','#','admin','2025-07-15 13:50:54','',NULL,''),(1017,'部门新增',103,2,'','','','',1,0,'F','0','0','system:dept:add','#','admin','2025-07-15 13:50:54','',NULL,''),(1018,'部门修改',103,3,'','','','',1,0,'F','0','0','system:dept:edit','#','admin','2025-07-15 13:50:54','',NULL,''),(1019,'部门删除',103,4,'','','','',1,0,'F','0','0','system:dept:remove','#','admin','2025-07-15 13:50:54','',NULL,''),(1020,'岗位查询',104,1,'','','','',1,0,'F','0','0','system:post:query','#','admin','2025-07-15 13:50:54','',NULL,''),(1021,'岗位新增',104,2,'','','','',1,0,'F','0','0','system:post:add','#','admin','2025-07-15 13:50:54','',NULL,''),(1022,'岗位修改',104,3,'','','','',1,0,'F','0','0','system:post:edit','#','admin','2025-07-15 13:50:54','',NULL,''),(1023,'岗位删除',104,4,'','','','',1,0,'F','0','0','system:post:remove','#','admin','2025-07-15 13:50:54','',NULL,''),(1024,'岗位导出',104,5,'','','','',1,0,'F','0','0','system:post:export','#','admin','2025-07-15 13:50:54','',NULL,''),(1025,'字典查询',105,1,'#','','','',1,0,'F','0','0','system:dict:query','#','admin','2025-07-15 13:50:54','',NULL,''),(1026,'字典新增',105,2,'#','','','',1,0,'F','0','0','system:dict:add','#','admin','2025-07-15 13:50:54','',NULL,''),(1027,'字典修改',105,3,'#','','','',1,0,'F','0','0','system:dict:edit','#','admin','2025-07-15 13:50:54','',NULL,''),(1028,'字典删除',105,4,'#','','','',1,0,'F','0','0','system:dict:remove','#','admin','2025-07-15 13:50:54','',NULL,''),(1029,'字典导出',105,5,'#','','','',1,0,'F','0','0','system:dict:export','#','admin','2025-07-15 13:50:54','',NULL,''),(1030,'参数查询',106,1,'#','','','',1,0,'F','0','0','system:config:query','#','admin','2025-07-15 13:50:54','',NULL,''),(1031,'参数新增',106,2,'#','','','',1,0,'F','0','0','system:config:add','#','admin','2025-07-15 13:50:54','',NULL,''),(1032,'参数修改',106,3,'#','','','',1,0,'F','0','0','system:config:edit','#','admin','2025-07-15 13:50:54','',NULL,''),(1033,'参数删除',106,4,'#','','','',1,0,'F','0','0','system:config:remove','#','admin','2025-07-15 13:50:54','',NULL,''),(1034,'参数导出',106,5,'#','','','',1,0,'F','0','0','system:config:export','#','admin','2025-07-15 13:50:54','',NULL,''),(1035,'公告查询',107,1,'#','','','',1,0,'F','0','0','system:notice:query','#','admin','2025-07-15 13:50:54','',NULL,''),(1036,'公告新增',107,2,'#','','','',1,0,'F','0','0','system:notice:add','#','admin','2025-07-15 13:50:54','',NULL,''),(1037,'公告修改',107,3,'#','','','',1,0,'F','0','0','system:notice:edit','#','admin','2025-07-15 13:50:54','',NULL,''),(1038,'公告删除',107,4,'#','','','',1,0,'F','0','0','system:notice:remove','#','admin','2025-07-15 13:50:54','',NULL,''),(1039,'操作查询',500,1,'#','','','',1,0,'F','0','0','monitor:operlog:query','#','admin','2025-07-15 13:50:54','',NULL,''),(1040,'操作删除',500,2,'#','','','',1,0,'F','0','0','monitor:operlog:remove','#','admin','2025-07-15 13:50:54','',NULL,''),(1041,'日志导出',500,3,'#','','','',1,0,'F','0','0','monitor:operlog:export','#','admin','2025-07-15 13:50:54','',NULL,''),(1042,'登录查询',501,1,'#','','','',1,0,'F','0','0','monitor:logininfor:query','#','admin','2025-07-15 13:50:54','',NULL,''),(1043,'登录删除',501,2,'#','','','',1,0,'F','0','0','monitor:logininfor:remove','#','admin','2025-07-15 13:50:54','',NULL,''),(1044,'日志导出',501,3,'#','','','',1,0,'F','0','0','monitor:logininfor:export','#','admin','2025-07-15 13:50:54','',NULL,''),(1045,'账户解锁',501,4,'#','','','',1,0,'F','0','0','monitor:logininfor:unlock','#','admin','2025-07-15 13:50:54','',NULL,''),(1046,'在线查询',109,1,'#','','','',1,0,'F','0','0','monitor:online:query','#','admin','2025-07-15 13:50:54','',NULL,''),(1047,'批量强退',109,2,'#','','','',1,0,'F','0','0','monitor:online:batchLogout','#','admin','2025-07-15 13:50:54','',NULL,''),(1048,'单条强退',109,3,'#','','','',1,0,'F','0','0','monitor:online:forceLogout','#','admin','2025-07-15 13:50:54','',NULL,''),(1049,'任务查询',110,1,'#','','','',1,0,'F','0','0','monitor:job:query','#','admin','2025-07-15 13:50:54','',NULL,''),(1050,'任务新增',110,2,'#','','','',1,0,'F','0','0','monitor:job:add','#','admin','2025-07-15 13:50:54','',NULL,''),(1051,'任务修改',110,3,'#','','','',1,0,'F','0','0','monitor:job:edit','#','admin','2025-07-15 13:50:54','',NULL,''),(1052,'任务删除',110,4,'#','','','',1,0,'F','0','0','monitor:job:remove','#','admin','2025-07-15 13:50:54','',NULL,''),(1053,'状态修改',110,5,'#','','','',1,0,'F','0','0','monitor:job:changeStatus','#','admin','2025-07-15 13:50:54','',NULL,''),(1054,'任务导出',110,6,'#','','','',1,0,'F','0','0','monitor:job:export','#','admin','2025-07-15 13:50:54','',NULL,''),(1055,'生成查询',116,1,'#','','','',1,0,'F','0','0','tool:gen:query','#','admin','2025-07-15 13:50:54','',NULL,''),(1056,'生成修改',116,2,'#','','','',1,0,'F','0','0','tool:gen:edit','#','admin','2025-07-15 13:50:54','',NULL,''),(1057,'生成删除',116,3,'#','','','',1,0,'F','0','0','tool:gen:remove','#','admin','2025-07-15 13:50:54','',NULL,''),(1058,'导入代码',116,4,'#','','','',1,0,'F','0','0','tool:gen:import','#','admin','2025-07-15 13:50:54','',NULL,''),(1059,'预览代码',116,5,'#','','','',1,0,'F','0','0','tool:gen:preview','#','admin','2025-07-15 13:50:54','',NULL,''),(1060,'生成代码',116,6,'#','','','',1,0,'F','0','0','tool:gen:code','#','admin','2025-07-15 13:50:54','',NULL,''),(2000,'学生信息',1,1,'student','system/student/index',NULL,'',1,0,'C','0','1','system:student:list','people','admin','2025-07-15 15:15:09','admin','2025-12-15 14:58:39','学生信息菜单'),(2001,'学生信息查询',2000,1,'#','',NULL,'',1,0,'F','0','0','system:student:query','#','admin','2025-07-15 15:15:09','',NULL,''),(2002,'学生信息新增',2000,2,'#','',NULL,'',1,0,'F','0','0','system:student:add','#','admin','2025-07-15 15:15:09','',NULL,''),(2003,'学生信息修改',2000,3,'#','',NULL,'',1,0,'F','0','0','system:student:edit','#','admin','2025-07-15 15:15:09','',NULL,''),(2004,'学生信息删除',2000,4,'#','',NULL,'',1,0,'F','0','0','system:student:remove','#','admin','2025-07-15 15:15:09','',NULL,''),(2005,'学生信息导出',2000,5,'#','',NULL,'',1,0,'F','0','0','system:student:export','#','admin','2025-07-15 15:15:09','',NULL,''),(2018,'学生请假',1,1,'leave','system/leave/index',NULL,'student/leave',1,0,'C','1','0','system:leave:list','time','admin','2025-07-17 10:50:54','admin','2025-07-17 11:30:53','学生请假菜单'),(2019,'学生请假查询',2018,1,'#','',NULL,'',1,0,'F','0','0','system:leave:query','#','admin','2025-07-17 10:50:54','',NULL,''),(2020,'学生请假新增',2018,2,'#','',NULL,'',1,0,'F','0','0','system:leave:add','#','admin','2025-07-17 10:50:54','',NULL,''),(2021,'学生请假修改',2018,3,'#','',NULL,'',1,0,'F','0','0','system:leave:edit','#','admin','2025-07-17 10:50:54','',NULL,''),(2022,'学生请假删除',2018,4,'#','',NULL,'',1,0,'F','0','0','system:leave:remove','#','admin','2025-07-17 10:50:54','',NULL,''),(2023,'学生请假导出',2018,5,'#','',NULL,'',1,0,'F','0','0','system:leave:export','#','admin','2025-07-17 10:50:54','',NULL,''),(2024,'超级管理员',0,0,'sys_admin',NULL,NULL,'',1,0,'M','0','0','','user','admin','2025-12-09 00:16:40','admin','2025-12-15 23:30:53',''),(2026,'包裹管理',2024,2,'pack','business/pack/index',NULL,'Pack',1,0,'C','0','0','business:pack:list','email','admin','2025-12-09 00:25:43','admin','2025-12-09 08:05:52',''),(2027,'用户管理',2024,1,'client','business/client/index','','Client',1,0,'C','0','0','business:client:list','peoples','admin','2025-12-09 08:05:42','admin','2025-12-15 23:31:01',''),(2028,'驿站管理',2024,3,'station','business/station/index',NULL,'Station',1,0,'C','0','0','business:station:list','shopping','admin','2025-12-09 08:07:58','',NULL,''),(2029,'包裹管理',2032,1,'pack','business/pack/index',NULL,'Pack',1,0,'C','0','0','business:pack:list','email','admin','2025-12-15 15:00:02','admin','2025-12-15 23:31:17',''),(2030,'业务用户',0,2,'customer',NULL,NULL,'',1,0,'M','0','0','','peoples','admin','2025-12-15 15:01:27','admin','2025-12-15 23:31:27',''),(2031,'寄件人',0,3,'senter',NULL,NULL,'',1,0,'M','0','1','','bug','admin','2025-12-15 15:01:48','admin','2025-12-15 15:12:18',''),(2032,'驿站管理员',0,1,'station_admin',NULL,NULL,'',1,0,'M','0','0','','people','admin','2025-12-15 15:06:45','admin','2025-12-15 23:31:09','');
/*!40000 ALTER TABLE `sys_menu` ENABLE KEYS */;
UNLOCK TABLES;

--
-- Table structure for table `sys_notice`
--

DROP TABLE IF EXISTS `sys_notice`;
/*!40101 SET @saved_cs_client     = @@character_set_client */;
/*!50503 SET character_set_client = utf8mb4 */;
CREATE TABLE `sys_notice` (
  `notice_id` int NOT NULL AUTO_INCREMENT COMMENT '公告ID',
  `notice_title` varchar(50) COLLATE utf8mb4_general_ci NOT NULL COMMENT '公告标题',
  `notice_type` char(1) COLLATE utf8mb4_general_ci NOT NULL COMMENT '公告类型（1通知 2公告）',
  `notice_content` longblob COMMENT '公告内容',
  `status` char(1) COLLATE utf8mb4_general_ci DEFAULT '0' COMMENT '公告状态（0正常 1关闭）',
  `create_by` varchar(64) COLLATE utf8mb4_general_ci DEFAULT '' COMMENT '创建者',
  `create_time` datetime DEFAULT NULL COMMENT '创建时间',
  `update_by` varchar(64) COLLATE utf8mb4_general_ci DEFAULT '' COMMENT '更新者',
  `update_time` datetime DEFAULT NULL COMMENT '更新时间',
  `remark` varchar(255) COLLATE utf8mb4_general_ci DEFAULT NULL COMMENT '备注',
  PRIMARY KEY (`notice_id`)
) ENGINE=InnoDB AUTO_INCREMENT=10 DEFAULT CHARSET=utf8mb4 COLLATE=utf8mb4_general_ci COMMENT='通知公告表';
/*!40101 SET character_set_client = @saved_cs_client */;

--
-- Dumping data for table `sys_notice`
--

LOCK TABLES `sys_notice` WRITE;
/*!40000 ALTER TABLE `sys_notice` DISABLE KEYS */;
INSERT INTO `sys_notice` VALUES (1,'温馨提醒：2018-07-01 若依新版本发布啦','2',_binary '新版本内容','0','admin','2025-07-15 13:50:55','',NULL,'管理员'),(2,'维护通知：2018-07-01 若依系统凌晨维护','1',_binary '维护内容','0','admin','2025-07-15 13:50:55','',NULL,'管理员');
/*!40000 ALTER TABLE `sys_notice` ENABLE KEYS */;
UNLOCK TABLES;

--
-- Table structure for table `sys_oper_log`
--

DROP TABLE IF EXISTS `sys_oper_log`;
/*!40101 SET @saved_cs_client     = @@character_set_client */;
/*!50503 SET character_set_client = utf8mb4 */;
CREATE TABLE `sys_oper_log` (
  `oper_id` bigint NOT NULL AUTO_INCREMENT COMMENT '日志主键',
  `title` varchar(50) COLLATE utf8mb4_general_ci DEFAULT '' COMMENT '模块标题',
  `business_type` int DEFAULT '0' COMMENT '业务类型（0其它 1新增 2修改 3删除）',
  `method` varchar(200) COLLATE utf8mb4_general_ci DEFAULT '' COMMENT '方法名称',
  `request_method` varchar(10) COLLATE utf8mb4_general_ci DEFAULT '' COMMENT '请求方式',
  `operator_type` int DEFAULT '0' COMMENT '操作类别（0其它 1后台用户 2手机端用户）',
  `oper_name` varchar(50) COLLATE utf8mb4_general_ci DEFAULT '' COMMENT '操作人员',
  `dept_name` varchar(50) COLLATE utf8mb4_general_ci DEFAULT '' COMMENT '部门名称',
  `oper_url` varchar(255) COLLATE utf8mb4_general_ci DEFAULT '' COMMENT '请求URL',
  `oper_ip` varchar(128) COLLATE utf8mb4_general_ci DEFAULT '' COMMENT '主机地址',
  `oper_location` varchar(255) COLLATE utf8mb4_general_ci DEFAULT '' COMMENT '操作地点',
  `oper_param` varchar(2000) COLLATE utf8mb4_general_ci DEFAULT '' COMMENT '请求参数',
  `json_result` varchar(2000) COLLATE utf8mb4_general_ci DEFAULT '' COMMENT '返回参数',
  `status` int DEFAULT '0' COMMENT '操作状态（0正常 1异常）',
  `error_msg` varchar(2000) COLLATE utf8mb4_general_ci DEFAULT '' COMMENT '错误消息',
  `oper_time` datetime DEFAULT NULL COMMENT '操作时间',
  `cost_time` bigint DEFAULT '0' COMMENT '消耗时间',
  PRIMARY KEY (`oper_id`),
  KEY `idx_sys_oper_log_bt` (`business_type`),
  KEY `idx_sys_oper_log_s` (`status`),
  KEY `idx_sys_oper_log_ot` (`oper_time`)
) ENGINE=InnoDB AUTO_INCREMENT=415 DEFAULT CHARSET=utf8mb4 COLLATE=utf8mb4_general_ci COMMENT='操作日志记录';
/*!40101 SET character_set_client = @saved_cs_client */;

--
-- Dumping data for table `sys_oper_log`
--

LOCK TABLES `sys_oper_log` WRITE;
/*!40000 ALTER TABLE `sys_oper_log` DISABLE KEYS */;
INSERT INTO `sys_oper_log` VALUES (100,'代码生成',6,'com.ruoyi.generator.controller.GenController.importTableSave()','POST',1,'admin','研发部门','/tool/gen/importTable','127.0.0.1','内网IP','{\"tables\":\"student\"}','{\"msg\":\"操作成功\",\"code\":200}',0,NULL,'2025-07-15 14:52:01',60),(101,'代码生成',2,'com.ruoyi.generator.controller.GenController.editSave()','PUT',1,'admin','研发部门','/tool/gen','127.0.0.1','内网IP','{\"businessName\":\"student\",\"className\":\"Student\",\"columns\":[{\"capJavaField\":\"StudentId\",\"columnComment\":\"学号\",\"columnId\":1,\"columnName\":\"student_id\",\"columnType\":\"int\",\"createBy\":\"admin\",\"createTime\":\"2025-07-15 14:52:01\",\"dictType\":\"\",\"edit\":false,\"htmlType\":\"input\",\"increment\":true,\"insert\":true,\"isIncrement\":\"1\",\"isInsert\":\"1\",\"isPk\":\"1\",\"isRequired\":\"0\",\"javaField\":\"studentId\",\"javaType\":\"Long\",\"list\":false,\"params\":{},\"pk\":true,\"query\":false,\"queryType\":\"EQ\",\"required\":false,\"sort\":1,\"superColumn\":false,\"tableId\":1,\"updateBy\":\"\",\"usableColumn\":false},{\"capJavaField\":\"StudentName\",\"columnComment\":\"姓名\",\"columnId\":2,\"columnName\":\"student_name\",\"columnType\":\"varchar(30)\",\"createBy\":\"admin\",\"createTime\":\"2025-07-15 14:52:01\",\"dictType\":\"\",\"edit\":true,\"htmlType\":\"input\",\"increment\":false,\"insert\":true,\"isEdit\":\"1\",\"isIncrement\":\"0\",\"isInsert\":\"1\",\"isList\":\"1\",\"isPk\":\"0\",\"isQuery\":\"1\",\"isRequired\":\"0\",\"javaField\":\"studentName\",\"javaType\":\"String\",\"list\":true,\"params\":{},\"pk\":false,\"query\":true,\"queryType\":\"LIKE\",\"required\":false,\"sort\":2,\"superColumn\":false,\"tableId\":1,\"updateBy\":\"\",\"usableColumn\":false},{\"capJavaField\":\"StudentSex\",\"columnComment\":\"性别（0男 1女 2未知）\",\"columnId\":3,\"columnName\":\"student_sex\",\"columnType\":\"char(1)\",\"createBy\":\"admin\",\"createTime\":\"2025-07-15 14:52:01\",\"dictType\":\"\",\"edit\":true,\"htmlType\":\"select\",\"increment\":false,\"insert\":true,\"isEdit\":\"1\",\"isIncrement\":\"0\",\"isInsert\":\"1\",\"isList\":\"1\",\"isPk\":\"0\",\"isQuery\":\"1\",\"isRequired\":\"0\",\"javaField\":\"studentSex\",\"javaType\":\"String\",\"list\":true,\"params\":{},\"pk\":false,\"query\":true,\"queryType\":\"EQ\",\"required\":false,\"sort\":3,\"superColumn\":false,\"tableId\":1,\"updateBy\":\"\",\"usableColumn\":false},{\"capJavaField\":\"StudentBirth\",\"columnComment\":\"生日\",\"columnId\":4,\"columnName\":\"student_birth\",\"columnType\":\"date\",\"createBy\":\"admin\",\"createTime\":\"2025-07-15 14:52:01\",\"dictType\":\"\",\"edit\":true,\"htmlType\":\"datetime\",\"increment\":false,\"insert\":true,\"isEdit\":\"1\",\"isIncrement\":\"0\",\"isInsert\":\"1\",\"isList\":\"1\",\"isPk\":\"0\",\"is','{\"msg\":\"操作成功\",\"code\":200}',0,NULL,'2025-07-15 14:56:46',30),(102,'代码生成',2,'com.ruoyi.generator.controller.GenController.editSave()','PUT',1,'admin','研发部门','/tool/gen','127.0.0.1','内网IP','{\"businessName\":\"student\",\"className\":\"Student\",\"columns\":[{\"capJavaField\":\"StudentId\",\"columnComment\":\"学号\",\"columnId\":1,\"columnName\":\"student_id\",\"columnType\":\"int\",\"createBy\":\"admin\",\"createTime\":\"2025-07-15 14:52:01\",\"dictType\":\"\",\"edit\":false,\"htmlType\":\"input\",\"increment\":true,\"insert\":true,\"isIncrement\":\"1\",\"isInsert\":\"1\",\"isPk\":\"1\",\"isRequired\":\"0\",\"javaField\":\"studentId\",\"javaType\":\"Long\",\"list\":false,\"params\":{},\"pk\":true,\"query\":false,\"queryType\":\"EQ\",\"required\":false,\"sort\":1,\"superColumn\":false,\"tableId\":1,\"updateBy\":\"\",\"updateTime\":\"2025-07-15 14:56:46\",\"usableColumn\":false},{\"capJavaField\":\"StudentName\",\"columnComment\":\"姓名\",\"columnId\":2,\"columnName\":\"student_name\",\"columnType\":\"varchar(30)\",\"createBy\":\"admin\",\"createTime\":\"2025-07-15 14:52:01\",\"dictType\":\"\",\"edit\":true,\"htmlType\":\"input\",\"increment\":false,\"insert\":true,\"isEdit\":\"1\",\"isIncrement\":\"0\",\"isInsert\":\"1\",\"isList\":\"1\",\"isPk\":\"0\",\"isQuery\":\"1\",\"isRequired\":\"0\",\"javaField\":\"studentName\",\"javaType\":\"String\",\"list\":true,\"params\":{},\"pk\":false,\"query\":true,\"queryType\":\"LIKE\",\"required\":false,\"sort\":2,\"superColumn\":false,\"tableId\":1,\"updateBy\":\"\",\"updateTime\":\"2025-07-15 14:56:46\",\"usableColumn\":false},{\"capJavaField\":\"StudentSex\",\"columnComment\":\"性别（0男 1女 2未知）\",\"columnId\":3,\"columnName\":\"student_sex\",\"columnType\":\"char(1)\",\"createBy\":\"admin\",\"createTime\":\"2025-07-15 14:52:01\",\"dictType\":\"\",\"edit\":true,\"htmlType\":\"select\",\"increment\":false,\"insert\":true,\"isEdit\":\"1\",\"isIncrement\":\"0\",\"isInsert\":\"1\",\"isList\":\"1\",\"isPk\":\"0\",\"isQuery\":\"1\",\"isRequired\":\"0\",\"javaField\":\"studentSex\",\"javaType\":\"String\",\"list\":true,\"params\":{},\"pk\":false,\"query\":true,\"queryType\":\"EQ\",\"required\":false,\"sort\":3,\"superColumn\":false,\"tableId\":1,\"updateBy\":\"\",\"updateTime\":\"2025-07-15 14:56:46\",\"usableColumn\":false},{\"capJavaField\":\"StudentBirth\",\"columnComment\":\"生日\",\"columnId\":4,\"columnName\":\"student_birth\",\"columnType\":\"date\",\"createBy\":\"admin\",\"createTime\":\"2025-07-15 14:52:01\",\"dictType\":\"\",\"edit\":true,\"htmlType\":\"datetime\",','{\"msg\":\"操作成功\",\"code\":200}',0,NULL,'2025-07-15 14:57:01',29),(103,'代码生成',8,'com.ruoyi.generator.controller.GenController.batchGenCode()','GET',1,'admin','研发部门','/tool/gen/batchGenCode','127.0.0.1','内网IP','{\"tables\":\"student\"}',NULL,0,NULL,'2025-07-15 14:57:06',59),(104,'代码生成',2,'com.ruoyi.generator.controller.GenController.editSave()','PUT',1,'admin','研发部门','/tool/gen','172.21.23.30','内网IP','{\"businessName\":\"student\",\"className\":\"Student\",\"columns\":[{\"capJavaField\":\"StudentId\",\"columnComment\":\"学号\",\"columnId\":1,\"columnName\":\"student_id\",\"columnType\":\"int\",\"createBy\":\"admin\",\"createTime\":\"2025-07-15 14:52:01\",\"dictType\":\"\",\"edit\":false,\"htmlType\":\"input\",\"increment\":true,\"insert\":true,\"isIncrement\":\"1\",\"isInsert\":\"1\",\"isPk\":\"1\",\"isRequired\":\"0\",\"javaField\":\"studentId\",\"javaType\":\"Long\",\"list\":false,\"params\":{},\"pk\":true,\"query\":false,\"queryType\":\"EQ\",\"required\":false,\"sort\":1,\"superColumn\":false,\"tableId\":1,\"updateBy\":\"\",\"updateTime\":\"2025-07-15 14:57:01\",\"usableColumn\":false},{\"capJavaField\":\"StudentName\",\"columnComment\":\"姓名\",\"columnId\":2,\"columnName\":\"student_name\",\"columnType\":\"varchar(30)\",\"createBy\":\"admin\",\"createTime\":\"2025-07-15 14:52:01\",\"dictType\":\"\",\"edit\":true,\"htmlType\":\"input\",\"increment\":false,\"insert\":true,\"isEdit\":\"1\",\"isIncrement\":\"0\",\"isInsert\":\"1\",\"isList\":\"1\",\"isPk\":\"0\",\"isQuery\":\"1\",\"isRequired\":\"0\",\"javaField\":\"studentName\",\"javaType\":\"String\",\"list\":true,\"params\":{},\"pk\":false,\"query\":true,\"queryType\":\"LIKE\",\"required\":false,\"sort\":2,\"superColumn\":false,\"tableId\":1,\"updateBy\":\"\",\"updateTime\":\"2025-07-15 14:57:01\",\"usableColumn\":false},{\"capJavaField\":\"StudentSex\",\"columnComment\":\"性别（0男 1女 2未知）\",\"columnId\":3,\"columnName\":\"student_sex\",\"columnType\":\"char(1)\",\"createBy\":\"admin\",\"createTime\":\"2025-07-15 14:52:01\",\"dictType\":\"\",\"edit\":true,\"htmlType\":\"select\",\"increment\":false,\"insert\":true,\"isEdit\":\"1\",\"isIncrement\":\"0\",\"isInsert\":\"1\",\"isList\":\"1\",\"isPk\":\"0\",\"isQuery\":\"1\",\"isRequired\":\"0\",\"javaField\":\"studentSex\",\"javaType\":\"String\",\"list\":true,\"params\":{},\"pk\":false,\"query\":true,\"queryType\":\"EQ\",\"required\":false,\"sort\":3,\"superColumn\":false,\"tableId\":1,\"updateBy\":\"\",\"updateTime\":\"2025-07-15 14:57:01\",\"usableColumn\":false},{\"capJavaField\":\"StudentBirth\",\"columnComment\":\"生日\",\"columnId\":4,\"columnName\":\"student_birth\",\"columnType\":\"date\",\"createBy\":\"admin\",\"createTime\":\"2025-07-15 14:52:01\",\"dictType\":\"\",\"edit\":true,\"htmlType\":\"datetime\",','{\"msg\":\"操作成功\",\"code\":200}',0,NULL,'2025-07-15 16:27:28',45),(105,'代码生成',8,'com.ruoyi.generator.controller.GenController.batchGenCode()','GET',1,'admin','研发部门','/tool/gen/batchGenCode','172.21.23.30','内网IP','{\"tables\":\"student\"}',NULL,0,NULL,'2025-07-15 16:27:30',190),(106,'菜单管理',2,'com.ruoyi.web.controller.system.SysMenuController.edit()','PUT',1,'admin','研发部门','/system/menu','127.0.0.1','内网IP','{\"children\":[],\"component\":\"system/student/index\",\"createTime\":\"2025-07-15 15:15:09\",\"icon\":\"people\",\"isCache\":\"0\",\"isFrame\":\"1\",\"menuId\":2000,\"menuName\":\"学生信息\",\"menuType\":\"C\",\"orderNum\":1,\"params\":{},\"parentId\":1,\"path\":\"student\",\"perms\":\"system:student:list\",\"routeName\":\"\",\"status\":\"0\",\"updateBy\":\"admin\",\"visible\":\"0\"}','{\"msg\":\"操作成功\",\"code\":200}',0,NULL,'2025-07-15 16:48:14',24),(107,'学生信息',2,'com.ruoyi.system.controller.StudentController.edit()','PUT',1,'admin','研发部门','/system/student','127.0.0.1','内网IP','{\"params\":{},\"studentBirth\":\"2007-03-15\",\"studentId\":1,\"studentName\":\"张三\",\"studentPhone\":\"13862543188\",\"studentSex\":\"0\",\"studentStatus\":\"0\",\"studentUpdate\":\"2025-07-15\"}','{\"msg\":\"操作成功\",\"code\":200}',0,NULL,'2025-07-15 17:30:56',24),(108,'学生信息',2,'com.ruoyi.system.controller.StudentController.edit()','PUT',1,'admin','研发部门','/system/student','127.0.0.1','内网IP','{\"params\":{},\"studentBirth\":\"2007-03-15\",\"studentId\":1,\"studentName\":\"张三\",\"studentPhone\":\"13862543182\",\"studentSex\":\"0\",\"studentStatus\":\"0\",\"studentUpdate\":\"2025-07-15\"}','{\"msg\":\"操作成功\",\"code\":200}',0,NULL,'2025-07-16 08:46:36',13),(109,'学生信息',2,'com.ruoyi.system.controller.StudentController.edit()','PUT',1,'admin','研发部门','/system/student','127.0.0.1','内网IP','{\"params\":{},\"studentBirth\":\"2007-03-15\",\"studentId\":1,\"studentName\":\"张三\",\"studentPhone\":\"13862543188\",\"studentSex\":\"0\",\"studentStatus\":\"0\",\"studentUpdate\":\"2025-07-16\"}','{\"msg\":\"操作成功\",\"code\":200}',0,NULL,'2025-07-16 08:55:07',25),(110,'学生信息',2,'com.ruoyi.system.controller.StudentController.edit()','PUT',1,'admin','研发部门','/system/student','127.0.0.1','内网IP','{\"params\":{},\"studentBirth\":\"2007-03-15\",\"studentId\":1,\"studentName\":\"张三\",\"studentPhone\":\"13862543187\",\"studentSex\":\"0\",\"studentStatus\":\"0\",\"studentUpdate\":\"2025-07-16 00:00:00\"}','{\"msg\":\"操作成功\",\"code\":200}',0,NULL,'2025-07-16 10:58:56',17),(111,'学生信息',2,'com.ruoyi.system.controller.StudentController.edit()','PUT',1,'admin','研发部门','/system/student','127.0.0.1','内网IP','{\"params\":{},\"studentBirth\":\"2005-06-22\",\"studentId\":2,\"studentName\":\"李四\",\"studentPhone\":\"15603796272\",\"studentSex\":\"1\",\"studentStatus\":\"0\",\"studentUpdate\":\"2025-07-15 17:30:02\"}','{\"msg\":\"操作成功\",\"code\":200}',0,NULL,'2025-07-16 10:59:04',4),(112,'学生信息',2,'com.ruoyi.system.controller.StudentController.edit()','PUT',1,'admin','研发部门','/system/student','127.0.0.1','内网IP','{\"params\":{},\"studentBirth\":\"2007-03-15\",\"studentId\":1,\"studentName\":\"张三\",\"studentPhone\":\"13862543182\",\"studentSex\":\"0\",\"studentStatus\":\"0\",\"studentUpdate\":\"2025-07-16 11:00:15\"}','{\"msg\":\"操作成功\",\"code\":200}',0,NULL,'2025-07-16 11:04:45',20),(113,'学生信息',2,'com.ruoyi.system.controller.StudentController.edit()','PUT',1,'admin','研发部门','/system/student','127.0.0.1','内网IP','{\"params\":{},\"studentBirth\":\"2007-03-15\",\"studentId\":1,\"studentName\":\"张三\",\"studentPhone\":\"13862543184\",\"studentSex\":\"0\",\"studentStatus\":\"0\",\"studentUpdate\":\"2025-07-16 11:04:45\"}','{\"msg\":\"操作成功\",\"code\":200}',0,NULL,'2025-07-16 11:05:54',27),(114,'学生信息',1,'com.ruoyi.system.controller.StudentController.add()','POST',1,'admin','研发部门','/system/student','127.0.0.1','内网IP','{\"params\":{},\"studentBirth\":\"1989-06-04\",\"studentId\":5,\"studentName\":\"小岛秀夫\",\"studentPhone\":\"11514191981011111111111111\"}','{\"msg\":\"操作成功\",\"code\":200}',0,NULL,'2025-07-16 11:06:40',24),(115,'学生信息',2,'com.ruoyi.system.controller.StudentController.edit()','PUT',1,'admin','研发部门','/system/student','127.0.0.1','内网IP','{\"params\":{},\"studentBirth\":\"1989-06-03\",\"studentId\":5,\"studentName\":\"小岛秀夫\",\"studentPhone\":\"11514191981\",\"studentSex\":\"2\",\"studentStatus\":\"0\",\"studentUpdate\":\"2025-07-16 11:06:40\"}','{\"msg\":\"操作成功\",\"code\":200}',0,NULL,'2025-07-16 11:06:52',14),(116,'学生信息',2,'com.ruoyi.system.controller.StudentController.edit()','PUT',1,'admin','研发部门','/system/student','127.0.0.1','内网IP','{\"params\":{},\"studentBirth\":\"1989-06-02\",\"studentId\":5,\"studentName\":\"小岛秀夫\",\"studentPhone\":\"11514191981\",\"studentSex\":\"2\",\"studentStatus\":\"0\",\"studentUpdate\":\"2025-07-16 11:06:52\"}','{\"msg\":\"操作成功\",\"code\":200}',0,NULL,'2025-07-16 11:13:16',7),(117,'学生信息',2,'com.ruoyi.system.controller.StudentController.edit()','PUT',1,'admin','研发部门','/system/student','127.0.0.1','内网IP','{\"params\":{},\"studentBirth\":\"1989-06-01\",\"studentId\":5,\"studentName\":\"小岛秀夫\",\"studentPhone\":\"11514191981\",\"studentSex\":\"2\",\"studentStatus\":\"0\",\"studentUpdate\":\"2025-07-16 11:13:16\"}','{\"msg\":\"操作成功\",\"code\":200}',0,NULL,'2025-07-16 11:13:28',4),(118,'学生信息',1,'com.ruoyi.system.controller.StudentController.add()','POST',1,'admin','研发部门','/system/student','127.0.0.1','内网IP','{\"params\":{},\"studentBirth\":\"2006-07-06\",\"studentId\":6,\"studentName\":\"千早爱音\",\"studentPhone\":\"11111111111\"}','{\"msg\":\"操作成功\",\"code\":200}',0,NULL,'2025-07-16 11:17:46',6),(119,'学生信息',2,'com.ruoyi.system.controller.StudentController.edit()','PUT',1,'admin','研发部门','/system/student','127.0.0.1','内网IP','{\"params\":{},\"studentBirth\":\"1989-05-31\",\"studentId\":5,\"studentName\":\"小岛秀夫\",\"studentPhone\":\"11514191981\",\"studentSex\":\"2\",\"studentStatus\":\"0\",\"studentUpdate\":\"2025-07-16 11:13:28\"}','{\"msg\":\"操作成功\",\"code\":200}',0,NULL,'2025-07-16 11:26:30',5),(120,'学生信息',2,'com.ruoyi.system.controller.StudentController.edit()','PUT',1,'admin','研发部门','/system/student','127.0.0.1','内网IP','{\"params\":{},\"studentBirth\":\"1989-05-30\",\"studentId\":5,\"studentName\":\"小岛秀夫\",\"studentPhone\":\"11514191981\",\"studentSex\":\"2\",\"studentStatus\":\"0\",\"studentUpdate\":\"2025-07-16 11:26:30\"}','{\"msg\":\"操作成功\",\"code\":200}',0,NULL,'2025-07-16 11:26:42',4),(121,'学生信息',2,'com.ruoyi.system.controller.StudentController.edit()','PUT',1,'admin','研发部门','/system/student','127.0.0.1','内网IP','{\"params\":{},\"studentBirth\":\"1989-05-29\",\"studentId\":5,\"studentName\":\"小岛秀夫\",\"studentPhone\":\"11514191981\",\"studentSex\":\"2\",\"studentStatus\":\"0\",\"studentUpdate\":\"2025-07-16 11:26:42\"}','{\"msg\":\"操作成功\",\"code\":200}',0,NULL,'2025-07-16 11:27:12',5),(122,'学生信息',2,'com.ruoyi.system.controller.StudentController.edit()','PUT',1,'admin','研发部门','/system/student','127.0.0.1','内网IP','{\"params\":{},\"studentBirth\":\"1989-05-28\",\"studentId\":5,\"studentName\":\"小岛秀夫\",\"studentPhone\":\"11514191981\",\"studentSex\":\"2\",\"studentStatus\":\"0\",\"studentUpdate\":\"2025-07-16 11:27:12\"}','{\"msg\":\"操作成功\",\"code\":200}',0,NULL,'2025-07-16 11:27:24',16),(123,'学生信息',2,'com.ruoyi.system.controller.StudentController.edit()','PUT',1,'admin','研发部门','/system/student','127.0.0.1','内网IP','{\"params\":{},\"studentBirth\":\"1989-05-27\",\"studentId\":5,\"studentName\":\"小岛秀夫\",\"studentPhone\":\"11514191981\",\"studentSex\":\"2\",\"studentStatus\":\"0\",\"studentUpdate\":\"2025-07-16 11:27:24\"}','{\"msg\":\"操作成功\",\"code\":200}',0,NULL,'2025-07-16 11:28:30',15),(124,'学生信息',2,'com.ruoyi.system.controller.StudentController.edit()','PUT',1,'admin','研发部门','/system/student','127.0.0.1','内网IP','{\"params\":{},\"studentBirth\":\"1989-05-26\",\"studentId\":5,\"studentName\":\"小岛秀夫\",\"studentPhone\":\"11514191981\",\"studentSex\":\"男\",\"studentStatus\":\"0\",\"studentUpdate\":\"2025-07-16 11:28:30\"}','{\"msg\":\"操作成功\",\"code\":200}',0,NULL,'2025-07-16 11:31:17',15),(125,'学生信息',2,'com.ruoyi.system.controller.StudentController.edit()','PUT',1,'admin','研发部门','/system/student','127.0.0.1','内网IP','{\"params\":{},\"studentBirth\":\"1989-05-25\",\"studentId\":5,\"studentName\":\"小岛秀夫\",\"studentPhone\":\"11514191981\",\"studentSex\":\"0\",\"studentStatus\":\"0\",\"studentUpdate\":\"2025-07-16 11:31:17\"}','{\"msg\":\"操作成功\",\"code\":200}',0,NULL,'2025-07-16 11:31:34',6),(126,'学生信息',1,'com.ruoyi.system.controller.StudentController.add()','POST',1,'admin','研发部门','/system/student','127.0.0.1','内网IP','{\"params\":{},\"studentBirth\":\"1987-08-07\",\"studentId\":5,\"studentName\":\"尤雨溪\",\"studentPhone\":\"11451419198\",\"studentSex\":\"0\"}','{\"msg\":\"操作成功\",\"code\":200}',0,NULL,'2025-07-16 12:53:43',24),(127,'学生信息',2,'com.ruoyi.system.controller.StudentController.edit()','PUT',1,'admin','研发部门','/system/student','127.0.0.1','内网IP','{\"params\":{},\"studentBirth\":\"1987-08-06\",\"studentId\":5,\"studentName\":\"尤雨溪\",\"studentPhone\":\"11451419198\",\"studentSex\":\"0\",\"studentStatus\":\"0\",\"studentUpdate\":\"2025-07-16 12:53:43\"}','{\"msg\":\"操作成功\",\"code\":200}',0,NULL,'2025-07-16 12:54:36',15),(128,'学生信息',1,'com.ruoyi.system.controller.StudentController.add()','POST',1,'admin','研发部门','/system/student','127.0.0.1','内网IP','{\"params\":{},\"studentName\":\"李三光\"}',NULL,1,'\r\n### Error updating database.  Cause: java.sql.SQLException: Field \'student_birth\' doesn\'t have a default value\r\n### The error may exist in file [F:\\JavaProject\\RuoYi-Vue\\ruoyi-system\\target\\classes\\mapper\\system\\StudentMapper.xml]\r\n### The error may involve com.ruoyi.system.mapper.StudentMapper.insertStudent-Inline\r\n### The error occurred while setting parameters\r\n### SQL: insert into student          ( student_name )           values ( ? )\r\n### Cause: java.sql.SQLException: Field \'student_birth\' doesn\'t have a default value\n; Field \'student_birth\' doesn\'t have a default value; nested exception is java.sql.SQLException: Field \'student_birth\' doesn\'t have a default value','2025-07-16 12:56:59',100),(129,'学生信息',1,'com.ruoyi.system.controller.StudentController.add()','POST',1,'admin','研发部门','/system/student','127.0.0.1','内网IP','{\"params\":{},\"studentBirth\":\"2005-08-07\",\"studentId\":6,\"studentName\":\"李三光\"}','{\"msg\":\"操作成功\",\"code\":200}',0,NULL,'2025-07-16 12:57:31',14),(130,'学生信息',2,'com.ruoyi.system.controller.StudentController.edit()','PUT',1,'admin','研发部门','/system/student','127.0.0.1','内网IP','{\"params\":{},\"studentBirth\":\"1987-08-07\",\"studentId\":5,\"studentName\":\"尤雨溪\",\"studentPhone\":\"11451419198\",\"studentSex\":\"0\",\"studentStatus\":\"0\",\"studentUpdate\":\"2025-07-16 12:54:36\"}','{\"msg\":\"操作成功\",\"code\":200}',0,NULL,'2025-07-16 12:58:34',5),(131,'学生信息',2,'com.ruoyi.system.controller.StudentController.edit()','PUT',1,'admin','研发部门','/system/student','127.0.0.1','内网IP','{\"params\":{},\"studentBirth\":\"1987-08-07\",\"studentId\":5,\"studentName\":\"尤雨溪\",\"studentPhone\":\"11451419198\",\"studentSex\":\"0\",\"studentStatus\":\"0\",\"studentUpdate\":\"2025-07-16 12:58:34\"}','{\"msg\":\"操作成功\",\"code\":200}',0,NULL,'2025-07-16 12:58:43',3),(132,'学生信息',2,'com.ruoyi.system.controller.StudentController.changeStatus()','PUT',1,'admin','研发部门','/system/student/changeStatus','127.0.0.1','内网IP','{\"params\":{},\"studentId\":6,\"studentStatus\":\"1\"}','{\"msg\":\"操作成功\",\"code\":200}',0,NULL,'2025-07-16 13:23:28',22),(133,'学生信息',2,'com.ruoyi.system.controller.StudentController.changeStatus()','PUT',1,'admin','研发部门','/system/student/changeStatus','127.0.0.1','内网IP','{\"params\":{},\"studentId\":6,\"studentStatus\":\"0\"}','{\"msg\":\"操作成功\",\"code\":200}',0,NULL,'2025-07-16 13:23:57',9),(134,'学生信息',2,'com.ruoyi.system.controller.StudentController.edit()','PUT',1,'admin','研发部门','/system/student','127.0.0.1','内网IP','{\"params\":{},\"studentBirth\":\"2005-08-07\",\"studentId\":6,\"studentName\":\"李三光\",\"studentPhone\":\"11111111111\",\"studentSex\":\"2\",\"studentStatus\":\"0\"}','{\"msg\":\"操作成功\",\"code\":200}',0,NULL,'2025-07-16 13:24:30',9),(135,'学生信息',2,'com.ruoyi.system.controller.StudentController.changeStatus()','PUT',1,'admin','研发部门','/system/student/changeStatus','127.0.0.1','内网IP','{\"params\":{},\"studentId\":6,\"studentStatus\":\"1\"}','{\"msg\":\"操作成功\",\"code\":200}',0,NULL,'2025-07-16 13:25:42',17),(136,'学生信息',2,'com.ruoyi.system.controller.StudentController.changeStatus()','PUT',1,'admin','研发部门','/system/student/changeStatus','127.0.0.1','内网IP','{\"params\":{},\"studentId\":6,\"studentStatus\":\"0\"}','{\"msg\":\"操作成功\",\"code\":200}',0,NULL,'2025-07-16 13:25:43',6),(137,'学生信息',2,'com.ruoyi.system.controller.StudentController.edit()','PUT',1,'admin','研发部门','/system/student','127.0.0.1','内网IP','{\"params\":{},\"studentBirth\":\"2005-08-07\",\"studentId\":6,\"studentName\":\"李三光\",\"studentPhone\":\"1111111111\",\"studentSex\":\"2\",\"studentStatus\":\"0\",\"studentUpdate\":\"2025-07-16 13:25:43\"}','{\"msg\":\"操作成功\",\"code\":200}',0,NULL,'2025-07-16 13:25:47',7),(138,'学生信息',2,'com.ruoyi.system.controller.StudentController.changeStatus()','PUT',1,'admin','研发部门','/system/student/changeStatus','127.0.0.1','内网IP','{\"params\":{},\"studentId\":6,\"studentStatus\":\"1\"}','{\"msg\":\"操作成功\",\"code\":200}',0,NULL,'2025-07-16 13:25:51',16),(139,'学生信息',2,'com.ruoyi.system.controller.StudentController.changeStatus()','PUT',1,'admin','研发部门','/system/student/changeStatus','127.0.0.1','内网IP','{\"params\":{},\"studentId\":6,\"studentStatus\":\"0\"}','{\"msg\":\"操作成功\",\"code\":200}',0,NULL,'2025-07-16 13:25:55',15),(140,'学生信息',2,'com.ruoyi.system.controller.StudentController.edit()','PUT',1,'admin','研发部门','/system/student','127.0.0.1','内网IP','{\"params\":{},\"studentBirth\":\"2005-08-07\",\"studentId\":6,\"studentName\":\"李三光\",\"studentPhone\":\"11111111112\",\"studentSex\":\"2\",\"studentStatus\":\"0\",\"studentUpdate\":\"2025-07-16 13:25:55\"}','{\"msg\":\"操作成功\",\"code\":200}',0,NULL,'2025-07-16 13:25:59',4),(141,'学生信息',2,'com.ruoyi.system.controller.StudentController.changeStatus()','PUT',1,'admin','研发部门','/system/student/changeStatus','127.0.0.1','内网IP','{\"params\":{},\"studentId\":6,\"studentStatus\":\"1\"}','{\"msg\":\"操作成功\",\"code\":200}',0,NULL,'2025-07-16 13:31:03',24),(142,'学生信息',2,'com.ruoyi.system.controller.StudentController.changeStatus()','PUT',1,'admin','研发部门','/system/student/changeStatus','127.0.0.1','内网IP','{\"params\":{},\"studentId\":6,\"studentStatus\":\"0\"}','{\"msg\":\"操作成功\",\"code\":200}',0,NULL,'2025-07-16 13:31:06',6),(143,'学生信息',2,'com.ruoyi.system.controller.StudentController.edit()','PUT',1,'admin','研发部门','/system/student','127.0.0.1','内网IP','{\"params\":{},\"studentBirth\":\"2005-08-07\",\"studentId\":6,\"studentName\":\"李三光\",\"studentPhone\":\"1111111111\",\"studentSex\":\"2\",\"studentStatus\":\"0\",\"studentUpdate\":\"2025-07-16 13:31:06\"}','{\"msg\":\"操作成功\",\"code\":200}',0,NULL,'2025-07-16 13:31:11',17),(144,'学生信息',2,'com.ruoyi.system.controller.StudentController.changeStatus()','PUT',1,'admin','研发部门','/system/student/changeStatus','127.0.0.1','内网IP','{\"params\":{},\"studentId\":5,\"studentStatus\":\"1\"}','{\"msg\":\"操作成功\",\"code\":200}',0,NULL,'2025-07-16 13:31:21',4),(145,'学生信息',2,'com.ruoyi.system.controller.StudentController.changeStatus()','PUT',1,'admin','研发部门','/system/student/changeStatus','127.0.0.1','内网IP','{\"params\":{},\"studentId\":6,\"studentStatus\":\"1\"}','{\"msg\":\"操作成功\",\"code\":200}',0,NULL,'2025-07-16 13:31:23',3),(146,'学生信息',2,'com.ruoyi.system.controller.StudentController.changeStatus()','PUT',1,'admin','研发部门','/system/student/changeStatus','127.0.0.1','内网IP','{\"params\":{},\"studentId\":5,\"studentStatus\":\"0\"}','{\"msg\":\"操作成功\",\"code\":200}',0,NULL,'2025-07-16 13:31:41',23),(147,'学生信息',5,'com.ruoyi.system.controller.StudentController.export()','POST',1,'admin','研发部门','/system/student/export','127.0.0.1','内网IP','{\"pageSize\":\"10\",\"pageNum\":\"1\"}',NULL,0,NULL,'2025-07-16 14:09:05',619),(148,'学生信息',2,'com.ruoyi.system.controller.StudentController.edit()','PUT',1,'admin','研发部门','/system/student','127.0.0.1','内网IP','{\"params\":{},\"studentBirth\":\"2005-08-07\",\"studentId\":6,\"studentName\":\"小岛秀夫\",\"studentPhone\":\"1111111111\",\"studentSex\":\"1\",\"studentStatus\":\"1\",\"studentUpdate\":\"2025-07-16 13:31:23\"}','{\"msg\":\"操作成功\",\"code\":200}',0,NULL,'2025-07-16 14:53:29',19),(149,'角色管理',1,'com.ruoyi.web.controller.system.SysRoleController.add()','POST',1,'admin','研发部门','/system/role','127.0.0.1','内网IP','{\"admin\":false,\"createBy\":\"admin\",\"deptCheckStrictly\":true,\"deptIds\":[],\"flag\":false,\"menuCheckStrictly\":true,\"menuIds\":[1,100,2000,101,102,103,104,105,106,107,2,109,110,1000,2001,1007,1012,1016,1020,1025,1030,1035,1046,1049],\"params\":{},\"roleId\":100,\"roleKey\":\"guest\",\"roleName\":\"访客\",\"roleSort\":1,\"status\":\"0\"}','{\"msg\":\"操作成功\",\"code\":200}',0,NULL,'2025-07-16 16:46:35',33),(150,'角色管理',2,'com.ruoyi.web.controller.system.SysRoleController.edit()','PUT',1,'admin','研发部门','/system/role','127.0.0.1','内网IP','{\"admin\":false,\"createTime\":\"2025-07-16 16:46:35\",\"dataScope\":\"1\",\"delFlag\":\"0\",\"deptCheckStrictly\":true,\"flag\":false,\"menuCheckStrictly\":true,\"menuIds\":[1,100,2000,101,102,103,104,105,106,107,2,109,110,1000,2001,1007,1012,1016,1020,1025,1030,1035,1046,1049],\"params\":{},\"roleId\":100,\"roleKey\":\"guest\",\"roleName\":\"访客\",\"roleSort\":100,\"status\":\"0\",\"updateBy\":\"admin\"}','{\"msg\":\"操作成功\",\"code\":200}',0,NULL,'2025-07-16 16:46:43',34),(151,'用户管理',1,'com.ruoyi.web.controller.system.SysUserController.add()','POST',1,'admin','研发部门','/system/user','127.0.0.1','内网IP','{\"admin\":false,\"createBy\":\"admin\",\"nickName\":\"访客1\",\"params\":{},\"postIds\":[],\"roleIds\":[],\"status\":\"0\",\"userId\":100,\"userName\":\"guest1\"}','{\"msg\":\"操作成功\",\"code\":200}',0,NULL,'2025-07-16 17:07:48',91),(152,'用户管理',2,'com.ruoyi.web.controller.system.SysUserController.edit()','PUT',1,'admin','研发部门','/system/user','127.0.0.1','内网IP','{\"admin\":false,\"avatar\":\"\",\"createBy\":\"admin\",\"createTime\":\"2025-07-16 17:07:48\",\"delFlag\":\"0\",\"email\":\"\",\"loginDate\":\"2025-07-16 17:08:27\",\"loginIp\":\"127.0.0.1\",\"nickName\":\"访客1\",\"params\":{},\"phonenumber\":\"\",\"postIds\":[],\"roleIds\":[100],\"roles\":[],\"sex\":\"0\",\"status\":\"0\",\"updateBy\":\"admin\",\"userId\":100,\"userName\":\"guest1\"}','{\"msg\":\"操作成功\",\"code\":200}',0,NULL,'2025-07-16 17:08:56',12),(153,'代码生成',2,'com.ruoyi.generator.controller.GenController.editSave()','PUT',1,'admin','研发部门','/tool/gen','127.0.0.1','内网IP','{\"businessName\":\"student\",\"className\":\"Student\",\"columns\":[{\"capJavaField\":\"StudentId\",\"columnComment\":\"学号\",\"columnId\":1,\"columnName\":\"student_id\",\"columnType\":\"int\",\"createBy\":\"admin\",\"createTime\":\"2025-07-15 14:52:01\",\"dictType\":\"\",\"edit\":false,\"htmlType\":\"input\",\"increment\":true,\"insert\":true,\"isIncrement\":\"1\",\"isInsert\":\"1\",\"isPk\":\"1\",\"isRequired\":\"0\",\"javaField\":\"studentId\",\"javaType\":\"Long\",\"list\":false,\"params\":{},\"pk\":true,\"query\":false,\"queryType\":\"EQ\",\"required\":false,\"sort\":1,\"superColumn\":false,\"tableId\":1,\"updateBy\":\"\",\"updateTime\":\"2025-07-15 16:27:28\",\"usableColumn\":false},{\"capJavaField\":\"StudentName\",\"columnComment\":\"姓名\",\"columnId\":2,\"columnName\":\"student_name\",\"columnType\":\"varchar(30)\",\"createBy\":\"admin\",\"createTime\":\"2025-07-15 14:52:01\",\"dictType\":\"\",\"edit\":true,\"htmlType\":\"input\",\"increment\":false,\"insert\":true,\"isEdit\":\"1\",\"isIncrement\":\"0\",\"isInsert\":\"1\",\"isList\":\"1\",\"isPk\":\"0\",\"isQuery\":\"1\",\"isRequired\":\"1\",\"javaField\":\"studentName\",\"javaType\":\"String\",\"list\":true,\"params\":{},\"pk\":false,\"query\":true,\"queryType\":\"LIKE\",\"required\":true,\"sort\":2,\"superColumn\":false,\"tableId\":1,\"updateBy\":\"\",\"updateTime\":\"2025-07-15 16:27:28\",\"usableColumn\":false},{\"capJavaField\":\"StudentSex\",\"columnComment\":\"性别（0男 1女 2未知）\",\"columnId\":3,\"columnName\":\"student_sex\",\"columnType\":\"char(1)\",\"createBy\":\"admin\",\"createTime\":\"2025-07-15 14:52:01\",\"dictType\":\"sys_user_sex\",\"edit\":true,\"htmlType\":\"select\",\"increment\":false,\"insert\":true,\"isEdit\":\"1\",\"isIncrement\":\"0\",\"isInsert\":\"1\",\"isList\":\"1\",\"isPk\":\"0\",\"isQuery\":\"1\",\"isRequired\":\"0\",\"javaField\":\"studentSex\",\"javaType\":\"String\",\"list\":true,\"params\":{},\"pk\":false,\"query\":true,\"queryType\":\"EQ\",\"required\":false,\"sort\":3,\"superColumn\":false,\"tableId\":1,\"updateBy\":\"\",\"updateTime\":\"2025-07-15 16:27:28\",\"usableColumn\":false},{\"capJavaField\":\"StudentBirth\",\"columnComment\":\"生日\",\"columnId\":4,\"columnName\":\"student_birth\",\"columnType\":\"date\",\"createBy\":\"admin\",\"createTime\":\"2025-07-15 14:52:01\",\"dictType\":\"\",\"edit\":true,\"htmlType\":','{\"msg\":\"操作成功\",\"code\":200}',0,NULL,'2025-07-16 17:22:18',31),(154,'学生信息',2,'com.ruoyi.system.controller.StudentController.edit()','PUT',1,'admin','研发部门','/system/student','127.0.0.1','内网IP','{\"params\":{},\"studentBirth\":\"2005-08-07\",\"studentId\":6,\"studentName\":\"小岛秀夫\",\"studentPhone\":\"12345678901\",\"studentSex\":\"1\",\"studentStatus\":\"1\",\"studentUpdate\":\"2025-07-16 14:53:29\"}','{\"msg\":\"操作成功\",\"code\":200}',0,NULL,'2025-07-16 17:27:58',17),(155,'学生信息',2,'com.ruoyi.system.controller.StudentController.edit()','PUT',1,'admin','研发部门','/system/student','127.0.0.1','内网IP','{\"params\":{},\"studentBirth\":\"2004-09-30\",\"studentId\":4,\"studentName\":\"赵六\",\"studentPhone\":\"17791834062\",\"studentSex\":\"1\",\"studentStatus\":\"0\",\"studentUpdate\":\"2025-07-16 12:52:15\"}','{\"msg\":\"操作成功\",\"code\":200}',0,NULL,'2025-07-16 17:28:18',3),(156,'学生信息',2,'com.ruoyi.system.controller.StudentController.edit()','PUT',1,'admin','研发部门','/system/student','127.0.0.1','内网IP','{\"params\":{},\"studentBirth\":\"2004-09-30\",\"studentId\":4,\"studentName\":\"赵六\",\"studentPhone\":\"17791834062\",\"studentSex\":\"0\",\"studentStatus\":\"0\",\"studentUpdate\":\"2025-07-16 17:28:18\"}','{\"msg\":\"操作成功\",\"code\":200}',0,NULL,'2025-07-16 17:28:22',15),(157,'学生信息',2,'com.ruoyi.system.controller.StudentController.edit()','PUT',1,'admin','研发部门','/system/student','127.0.0.1','内网IP','{\"params\":{},\"studentBirth\":\"2005-08-07\",\"studentId\":6,\"studentName\":\"小岛秀夫\",\"studentPhone\":\"12345678901\",\"studentSex\":\"2\",\"studentStatus\":\"1\",\"studentUpdate\":\"2025-07-16 17:27:58\"}','{\"msg\":\"操作成功\",\"code\":200}',0,NULL,'2025-07-16 17:28:25',6),(158,'学生信息',2,'com.ruoyi.system.controller.StudentController.edit()','PUT',1,'admin','研发部门','/system/student','127.0.0.1','内网IP','{\"params\":{},\"studentBirth\":\"1979-06-06\",\"studentId\":6,\"studentName\":\"小岛秀夫\",\"studentPhone\":\"12345678901\",\"studentSex\":\"2\",\"studentStatus\":\"1\",\"studentUpdate\":\"2025-07-16 17:28:25\"}','{\"msg\":\"操作成功\",\"code\":200}',0,NULL,'2025-07-17 08:47:26',14),(159,'学生信息',2,'com.ruoyi.system.controller.StudentController.edit()','PUT',1,'admin','研发部门','/system/student','127.0.0.1','内网IP','{\"params\":{},\"studentBirth\":\"1990-06-04\",\"studentId\":6,\"studentName\":\"小岛秀夫\",\"studentPhone\":\"12345678901\",\"studentSex\":\"2\",\"studentStatus\":\"1\",\"studentUpdate\":\"2025-07-17 08:47:26\"}','{\"msg\":\"操作成功\",\"code\":200}',0,NULL,'2025-07-17 08:47:51',16),(160,'学生信息',2,'com.ruoyi.system.controller.StudentController.edit()','PUT',1,'admin','研发部门','/system/student','127.0.0.1','内网IP','{\"params\":{},\"studentBirth\":\"1990-06-04\",\"studentId\":6,\"studentName\":\"小岛秀夫\",\"studentPhone\":\"12345678901\",\"studentSex\":\"2\",\"studentStatus\":\"1\",\"studentUpdate\":\"2025-07-17 08:47:26\"}','{\"msg\":\"操作成功\",\"code\":200}',0,NULL,'2025-07-17 08:49:55',3),(161,'学生信息',2,'com.ruoyi.system.controller.StudentController.edit()','PUT',1,'admin','研发部门','/system/student','127.0.0.1','内网IP','{\"params\":{},\"studentBirth\":\"1990-06-04\",\"studentId\":6,\"studentName\":\"小岛秀夫\",\"studentPhone\":\"12345678901\",\"studentSex\":\"2\",\"studentStatus\":\"1\",\"studentUpdate\":\"2025-07-17 08:47:26\"}','{\"msg\":\"操作成功\",\"code\":200}',0,NULL,'2025-07-17 09:00:19',550410),(162,'学生信息',2,'com.ruoyi.system.controller.StudentController.edit()','PUT',1,'admin','研发部门','/system/student','127.0.0.1','内网IP','{\"params\":{},\"studentBirth\":\"1990-06-04\",\"studentId\":6,\"studentName\":\"小岛秀夫\",\"studentPhone\":\"12345678901\",\"studentSex\":\"2\",\"studentStatus\":\"1\",\"studentUpdate\":\"2025-07-17 08:47:51\"}','{\"msg\":\"操作成功\",\"code\":200}',0,NULL,'2025-07-17 09:00:44',15),(163,'学生信息',2,'com.ruoyi.system.controller.StudentController.edit()','PUT',1,'admin','研发部门','/system/student','127.0.0.1','内网IP','{\"params\":{},\"studentBirth\":\"1990-06-04\",\"studentId\":6,\"studentName\":\"小岛秀夫\",\"studentPhone\":\"12345678901\",\"studentSex\":\"2\",\"studentStatus\":\"1\",\"studentUpdate\":\"2025-07-17 08:47:51\"}','{\"msg\":\"操作成功\",\"code\":200}',0,NULL,'2025-07-17 09:00:59',5),(164,'学生信息',2,'com.ruoyi.system.controller.StudentController.edit()','PUT',1,'admin','研发部门','/system/student','127.0.0.1','内网IP','{\"params\":{},\"studentBirth\":\"1990-06-04\",\"studentId\":6,\"studentName\":\"小岛秀夫\",\"studentPhone\":\"12345678901\",\"studentSex\":\"2\",\"studentStatus\":\"1\",\"studentUpdate\":\"2025-07-17 08:47:51\"}','{\"msg\":\"操作成功\",\"code\":200}',0,NULL,'2025-07-17 09:04:59',189390),(165,'学生信息',2,'com.ruoyi.system.controller.StudentController.edit()','PUT',1,'admin','研发部门','/system/student','127.0.0.1','内网IP','{\"params\":{},\"studentBirth\":\"1990-06-04\",\"studentId\":6,\"studentName\":\"小岛秀夫\",\"studentPhone\":\"12345678901\",\"studentSex\":\"2\",\"studentStatus\":\"1\",\"studentUpdate\":\"2025-07-17 08:47:51\"}','{\"msg\":\"操作成功\",\"code\":200}',0,NULL,'2025-07-17 09:08:26',187754),(166,'学生信息',2,'com.ruoyi.system.controller.StudentController.edit()','PUT',1,'admin','研发部门','/system/student','127.0.0.1','内网IP','{\"params\":{},\"studentBirth\":\"1990-06-04\",\"studentId\":6,\"studentName\":\"小岛秀夫\",\"studentPhone\":\"12345678901\",\"studentSex\":\"2\",\"studentStatus\":\"1\",\"studentUpdate\":\"2025-07-17 08:47:51\"}','{\"msg\":\"操作成功\",\"code\":200}',0,NULL,'2025-07-17 09:22:06',426783),(167,'学生信息',2,'com.ruoyi.system.controller.StudentController.edit()','PUT',1,'admin','研发部门','/system/student','127.0.0.1','内网IP','{\"params\":{},\"studentBirth\":\"2019-06-04\",\"studentId\":6,\"studentName\":\"小岛秀夫\",\"studentPhone\":\"12345678901\",\"studentSex\":\"2\",\"studentStatus\":\"1\",\"studentUpdate\":\"2025-07-17 08:47:51\"}','{\"msg\":\"操作成功\",\"code\":200}',0,NULL,'2025-07-17 09:22:43',16231),(168,'学生信息',2,'com.ruoyi.system.controller.StudentController.edit()','PUT',1,'admin','研发部门','/system/student','127.0.0.1','内网IP','{\"params\":{},\"studentBirth\":\"2010-06-04\",\"studentId\":6,\"studentName\":\"小岛秀夫\",\"studentPhone\":\"12345678901\",\"studentSex\":\"2\",\"studentStatus\":\"1\",\"studentUpdate\":\"2025-07-17 09:22:43\"}','{\"msg\":\"操作成功\",\"code\":200}',0,NULL,'2025-07-17 09:25:12',124891),(169,'学生信息',2,'com.ruoyi.system.controller.StudentController.edit()','PUT',1,'admin','研发部门','/system/student','127.0.0.1','内网IP','{\"params\":{},\"studentBirth\":\"1994-06-04\",\"studentId\":6,\"studentName\":\"小岛秀夫\",\"studentPhone\":\"12345678901\",\"studentSex\":\"2\",\"studentStatus\":\"1\",\"studentUpdate\":\"2025-07-17 09:25:11\"}','{\"msg\":\"操作成功\",\"code\":200}',0,NULL,'2025-07-17 09:25:49',10829),(170,'学生信息',2,'com.ruoyi.system.controller.StudentController.edit()','PUT',1,'admin','研发部门','/system/student','127.0.0.1','内网IP','{\"params\":{},\"studentBirth\":\"1991-06-04\",\"studentId\":6,\"studentName\":\"小岛秀夫\",\"studentPhone\":\"12345678901\",\"studentSex\":\"2\",\"studentStatus\":\"1\",\"studentUpdate\":\"2025-07-17 09:25:49\"}','{\"msg\":\"操作成功\",\"code\":200}',0,NULL,'2025-07-17 09:26:22',7875),(171,'学生信息',2,'com.ruoyi.system.controller.StudentController.edit()','PUT',1,'admin','研发部门','/system/student','127.0.0.1','内网IP','{\"params\":{},\"studentBirth\":\"1992-06-04\",\"studentId\":6,\"studentName\":\"小岛秀夫\",\"studentPhone\":\"12345678901\",\"studentSex\":\"2\",\"studentStatus\":\"1\",\"studentUpdate\":\"2025-07-17 09:26:22\"}','{\"msg\":\"操作成功\",\"code\":200}',0,NULL,'2025-07-17 09:27:00',9954),(172,'学生信息',2,'com.ruoyi.system.controller.StudentController.edit()','PUT',1,'admin','研发部门','/system/student','127.0.0.1','内网IP','{\"params\":{},\"studentBirth\":\"1992-06-04\",\"studentId\":6,\"studentName\":\"小岛秀夫\",\"studentPhone\":\"12345678901\",\"studentSex\":\"2\",\"studentStatus\":\"1\",\"studentUpdate\":\"2025-07-17 09:26:22\"}','{\"msg\":\"操作成功\",\"code\":200}',0,NULL,'2025-07-17 09:27:11',5566),(173,'学生信息',2,'com.ruoyi.system.controller.StudentController.edit()','PUT',1,'admin','研发部门','/system/student','127.0.0.1','内网IP','{\"params\":{},\"studentBirth\":\"1991-12-04\",\"studentId\":6,\"studentName\":\"小岛秀夫\",\"studentPhone\":\"12345678901\",\"studentSex\":\"2\",\"studentStatus\":\"1\",\"studentUpdate\":\"2025-07-17 09:27:00\"}','{\"msg\":\"操作成功\",\"code\":200}',0,NULL,'2025-07-17 09:27:37',9910),(174,'学生信息',2,'com.ruoyi.system.controller.StudentController.edit()','PUT',1,'admin','研发部门','/system/student','127.0.0.1','内网IP','{\"params\":{},\"studentBirth\":\"1989-12-04\",\"studentId\":6,\"studentName\":\"小岛秀夫\",\"studentPhone\":\"12345678901\",\"studentSex\":\"2\",\"studentStatus\":\"1\",\"studentUpdate\":\"2025-07-17 09:27:37\"}','{\"msg\":\"操作成功\",\"code\":200}',0,NULL,'2025-07-17 09:27:55',3330),(175,'学生信息',2,'com.ruoyi.system.controller.StudentController.edit()','PUT',1,'admin','研发部门','/system/student','127.0.0.1','内网IP','{\"params\":{},\"studentBirth\":\"1988-06-04\",\"studentId\":6,\"studentName\":\"小岛秀夫\",\"studentPhone\":\"12345678901\",\"studentSex\":\"2\",\"studentStatus\":\"1\",\"studentUpdate\":\"2025-07-17 09:27:55\"}','{\"msg\":\"操作成功\",\"code\":200}',0,NULL,'2025-07-17 09:31:34',4247),(176,'学生信息',2,'com.ruoyi.system.controller.StudentController.edit()','PUT',1,'admin','研发部门','/system/student','127.0.0.1','内网IP','{\"params\":{},\"studentBirth\":\"1987-06-04\",\"studentId\":6,\"studentName\":\"小岛秀夫\",\"studentPhone\":\"12345678901\",\"studentSex\":\"2\",\"studentStatus\":\"1\",\"studentUpdate\":\"2025-07-17 09:31:34\"}','{\"msg\":\"操作成功\",\"code\":200}',0,NULL,'2025-07-17 09:31:46',3534),(177,'学生信息',2,'com.ruoyi.system.controller.StudentController.edit()','PUT',1,'admin','研发部门','/system/student','127.0.0.1','内网IP','{\"params\":{},\"studentBirth\":\"1985-06-04\",\"studentId\":6,\"studentName\":\"小岛秀夫\",\"studentPhone\":\"12345678901\",\"studentSex\":\"2\",\"studentStatus\":\"1\",\"studentUpdate\":\"2025-07-17 09:31:46\"}','{\"msg\":\"操作成功\",\"code\":200}',0,NULL,'2025-07-17 09:32:13',1226),(178,'学生信息',2,'com.ruoyi.system.controller.StudentController.edit()','PUT',1,'admin','研发部门','/system/student','127.0.0.1','内网IP','{\"params\":{},\"studentBirth\":\"1985-06-04\",\"studentId\":6,\"studentName\":\"小岛秀夫\",\"studentPhone\":\"12345678901\",\"studentSex\":\"2\",\"studentStatus\":\"1\",\"studentUpdate\":\"2025-07-17 09:31:46\"}','{\"msg\":\"操作成功\",\"code\":200}',0,NULL,'2025-07-17 09:32:13',1226),(179,'学生信息',2,'com.ruoyi.system.controller.StudentController.edit()','PUT',1,'admin','研发部门','/system/student','127.0.0.1','内网IP','{\"params\":{},\"studentBirth\":\"1986-06-04\",\"studentId\":6,\"studentName\":\"小岛秀夫\",\"studentPhone\":\"12345678901\",\"studentSex\":\"2\",\"studentStatus\":\"1\",\"studentUpdate\":\"2025-07-17 09:31:46\"}','{\"msg\":\"操作成功\",\"code\":200}',0,NULL,'2025-07-17 09:32:13',17324),(180,'学生信息',2,'com.ruoyi.system.controller.StudentController.edit()','PUT',1,'admin','研发部门','/system/student','127.0.0.1','内网IP','{\"params\":{},\"studentBirth\":\"1985-06-04\",\"studentId\":6,\"studentName\":\"小岛秀夫\",\"studentPhone\":\"12345678901\",\"studentSex\":\"2\",\"studentStatus\":\"1\",\"studentUpdate\":\"2025-07-17 09:32:13\"}','{\"msg\":\"操作成功\",\"code\":200}',0,NULL,'2025-07-17 09:32:22',3595),(181,'学生信息',2,'com.ruoyi.system.controller.StudentController.edit()','PUT',1,'admin','研发部门','/system/student','127.0.0.1','内网IP','{\"params\":{},\"studentBirth\":\"1991-06-04\",\"studentId\":5,\"studentName\":\"尤雨溪\",\"studentPhone\":\"11451419198\",\"studentSex\":\"0\",\"studentStatus\":\"0\",\"studentUpdate\":\"2025-07-16 13:31:41\"}','{\"msg\":\"操作成功\",\"code\":200}',0,NULL,'2025-07-17 09:35:08',17),(182,'学生信息',2,'com.ruoyi.system.controller.StudentController.edit()','PUT',1,'admin','研发部门','/system/student','127.0.0.1','内网IP','{\"params\":{},\"studentBirth\":\"1992-06-04\",\"studentId\":6,\"studentName\":\"小岛秀夫\",\"studentPhone\":\"12345678901\",\"studentSex\":\"2\",\"studentStatus\":\"1\",\"studentUpdate\":\"2025-07-17 09:32:13\"}','{\"msg\":\"操作成功\",\"code\":200}',0,NULL,'2025-07-17 09:35:21',14),(183,'学生信息',2,'com.ruoyi.system.controller.StudentController.edit()','PUT',1,'admin','研发部门','/system/student','127.0.0.1','内网IP','{\"params\":{},\"studentBirth\":\"1991-07-17\",\"studentId\":5,\"studentName\":\"尤雨溪\",\"studentPhone\":\"11451419198\",\"studentSex\":\"0\",\"studentStatus\":\"0\",\"studentUpdate\":\"2025-07-17 09:35:08\"}','{\"msg\":\"操作成功\",\"code\":200}',0,NULL,'2025-07-17 09:38:23',16),(184,'学生信息',2,'com.ruoyi.system.controller.StudentController.edit()','PUT',1,'admin','研发部门','/system/student','127.0.0.1','内网IP','{\"params\":{},\"studentBirth\":\"1992-07-17\",\"studentId\":6,\"studentName\":\"小岛秀夫\",\"studentPhone\":\"12345678901\",\"studentSex\":\"2\",\"studentStatus\":\"1\",\"studentUpdate\":\"2025-07-17 09:35:21\"}','{\"msg\":\"操作成功\",\"code\":200}',0,NULL,'2025-07-17 09:38:35',54),(185,'学生信息',2,'com.ruoyi.system.controller.StudentController.edit()','PUT',1,'admin','研发部门','/system/student','127.0.0.1','内网IP','{\"params\":{},\"studentBirth\":\"1992-07-18\",\"studentId\":6,\"studentName\":\"小岛秀夫\",\"studentPhone\":\"12345678901\",\"studentSex\":\"2\",\"studentStatus\":\"1\",\"studentUpdate\":\"2025-07-17 09:38:35\"}','{\"msg\":\"操作成功\",\"code\":200}',0,NULL,'2025-07-17 09:38:42',14),(186,'学生信息',2,'com.ruoyi.system.controller.StudentController.edit()','PUT',1,'admin','研发部门','/system/student','127.0.0.1','内网IP','{\"params\":{},\"studentBirth\":\"1991-07-17\",\"studentId\":5,\"studentName\":\"尤雨溪\",\"studentPhone\":\"11451419198\",\"studentSex\":\"0\",\"studentStatus\":\"0\",\"studentUpdate\":\"2025-07-17 09:38:23\"}','{\"msg\":\"操作成功\",\"code\":200}',0,NULL,'2025-07-17 09:38:46',3),(187,'学生信息',2,'com.ruoyi.system.controller.StudentController.edit()','PUT',1,'admin','研发部门','/system/student','127.0.0.1','内网IP','{\"params\":{},\"studentBirth\":\"1991-07-16\",\"studentId\":5,\"studentName\":\"尤雨溪\",\"studentPhone\":\"11451419198\",\"studentSex\":\"0\",\"studentStatus\":\"0\",\"studentUpdate\":\"2025-07-17 09:38:23\"}','{\"msg\":\"操作成功\",\"code\":200}',0,NULL,'2025-07-17 09:46:19',389960),(188,'学生信息',2,'com.ruoyi.system.controller.StudentController.changeStatus()','PUT',1,'admin','研发部门','/system/student/changeStatus','127.0.0.1','内网IP','{\"params\":{},\"studentId\":6,\"studentStatus\":\"0\"}','{\"msg\":\"操作成功\",\"code\":200}',0,NULL,'2025-07-17 09:47:12',34),(189,'代码生成',6,'com.ruoyi.generator.controller.GenController.importTableSave()','POST',1,'admin','研发部门','/tool/gen/importTable','127.0.0.1','内网IP','{\"tables\":\"stu_leave\"}','{\"msg\":\"操作成功\",\"code\":200}',0,NULL,'2025-07-17 10:34:22',63),(190,'代码生成',2,'com.ruoyi.generator.controller.GenController.editSave()','PUT',1,'admin','研发部门','/tool/gen','127.0.0.1','内网IP','{\"businessName\":\"leave\",\"className\":\"StuLeave\",\"columns\":[{\"capJavaField\":\"LeaveId\",\"columnComment\":\"请假ID\",\"columnId\":8,\"columnName\":\"leave_id\",\"columnType\":\"int\",\"createBy\":\"admin\",\"createTime\":\"2025-07-17 10:34:22\",\"dictType\":\"\",\"edit\":false,\"htmlType\":\"input\",\"increment\":true,\"insert\":true,\"isIncrement\":\"1\",\"isInsert\":\"1\",\"isPk\":\"1\",\"isRequired\":\"0\",\"javaField\":\"leaveId\",\"javaType\":\"Long\",\"list\":false,\"params\":{},\"pk\":true,\"query\":false,\"queryType\":\"EQ\",\"required\":false,\"sort\":1,\"superColumn\":false,\"tableId\":2,\"updateBy\":\"\",\"usableColumn\":false},{\"capJavaField\":\"LeaveStudent\",\"columnComment\":\"学号\",\"columnId\":9,\"columnName\":\"leave_student\",\"columnType\":\"int\",\"createBy\":\"admin\",\"createTime\":\"2025-07-17 10:34:22\",\"dictType\":\"\",\"edit\":true,\"htmlType\":\"input\",\"increment\":false,\"insert\":true,\"isEdit\":\"1\",\"isIncrement\":\"0\",\"isInsert\":\"1\",\"isList\":\"1\",\"isPk\":\"0\",\"isQuery\":\"1\",\"isRequired\":\"1\",\"javaField\":\"leaveStudent\",\"javaType\":\"Long\",\"list\":true,\"params\":{},\"pk\":false,\"query\":true,\"queryType\":\"EQ\",\"required\":true,\"sort\":2,\"superColumn\":false,\"tableId\":2,\"updateBy\":\"\",\"usableColumn\":false},{\"capJavaField\":\"LeaveType\",\"columnComment\":\"请假类型（0病假1事假2公假3孕假4年假5其他）\",\"columnId\":10,\"columnName\":\"leave_type\",\"columnType\":\"char(1)\",\"createBy\":\"admin\",\"createTime\":\"2025-07-17 10:34:22\",\"dictType\":\"\",\"edit\":true,\"htmlType\":\"select\",\"increment\":false,\"insert\":true,\"isEdit\":\"1\",\"isIncrement\":\"0\",\"isInsert\":\"1\",\"isList\":\"1\",\"isPk\":\"0\",\"isQuery\":\"1\",\"isRequired\":\"1\",\"javaField\":\"leaveType\",\"javaType\":\"String\",\"list\":true,\"params\":{},\"pk\":false,\"query\":true,\"queryType\":\"EQ\",\"required\":true,\"sort\":3,\"superColumn\":false,\"tableId\":2,\"updateBy\":\"\",\"usableColumn\":false},{\"capJavaField\":\"LeaveReason\",\"columnComment\":\"请假原因\",\"columnId\":11,\"columnName\":\"leave_reason\",\"columnType\":\"varchar(30)\",\"createBy\":\"admin\",\"createTime\":\"2025-07-17 10:34:22\",\"dictType\":\"\",\"edit\":true,\"htmlType\":\"input\",\"increment\":false,\"insert\":true,\"isEdit\":\"1\",\"isIncrement\":\"0\",\"isInsert\":\"1\",\"isList\":\"1\",\"isPk\":\"0\",\"isQu','{\"msg\":\"操作成功\",\"code\":200}',0,NULL,'2025-07-17 10:37:09',32),(191,'字典类型',1,'com.ruoyi.web.controller.system.SysDictTypeController.add()','POST',1,'admin','研发部门','/system/dict/type','127.0.0.1','内网IP','{\"createBy\":\"admin\",\"dictName\":\"审核结果\",\"dictType\":\"sys_audit_result\",\"params\":{},\"remark\":\"审核结果列表\",\"status\":\"0\"}','{\"msg\":\"操作成功\",\"code\":200}',0,NULL,'2025-07-17 10:39:12',8),(192,'字典数据',1,'com.ruoyi.web.controller.system.SysDictDataController.add()','POST',1,'admin','研发部门','/system/dict/data','127.0.0.1','内网IP','{\"createBy\":\"admin\",\"default\":false,\"dictLabel\":\"待审核\",\"dictSort\":0,\"dictType\":\"sys_audit_result\",\"dictValue\":\"0\",\"listClass\":\"default\",\"params\":{},\"status\":\"0\"}','{\"msg\":\"操作成功\",\"code\":200}',0,NULL,'2025-07-17 10:39:55',7),(193,'字典数据',2,'com.ruoyi.web.controller.system.SysDictDataController.edit()','PUT',1,'admin','研发部门','/system/dict/data','127.0.0.1','内网IP','{\"createBy\":\"admin\",\"createTime\":\"2025-07-17 10:39:55\",\"default\":false,\"dictCode\":100,\"dictLabel\":\"待审核\",\"dictSort\":0,\"dictType\":\"sys_audit_result\",\"dictValue\":\"0\",\"isDefault\":\"N\",\"listClass\":\"default\",\"params\":{},\"remark\":\"待审核\",\"status\":\"0\",\"updateBy\":\"admin\"}','{\"msg\":\"操作成功\",\"code\":200}',0,NULL,'2025-07-17 10:40:11',17),(194,'字典数据',1,'com.ruoyi.web.controller.system.SysDictDataController.add()','POST',1,'admin','研发部门','/system/dict/data','127.0.0.1','内网IP','{\"createBy\":\"admin\",\"default\":false,\"dictLabel\":\"通过\",\"dictSort\":2,\"dictType\":\"sys_audit_result\",\"dictValue\":\"1\",\"listClass\":\"default\",\"params\":{},\"remark\":\"通过\",\"status\":\"0\"}','{\"msg\":\"操作成功\",\"code\":200}',0,NULL,'2025-07-17 10:40:29',6),(195,'字典数据',2,'com.ruoyi.web.controller.system.SysDictDataController.edit()','PUT',1,'admin','研发部门','/system/dict/data','127.0.0.1','内网IP','{\"createBy\":\"admin\",\"createTime\":\"2025-07-17 10:40:29\",\"default\":false,\"dictCode\":101,\"dictLabel\":\"未通过\",\"dictSort\":2,\"dictType\":\"sys_audit_result\",\"dictValue\":\"2\",\"isDefault\":\"N\",\"listClass\":\"default\",\"params\":{},\"remark\":\"未通过\",\"status\":\"0\",\"updateBy\":\"admin\"}','{\"msg\":\"操作成功\",\"code\":200}',0,NULL,'2025-07-17 10:40:41',17),(196,'字典数据',1,'com.ruoyi.web.controller.system.SysDictDataController.add()','POST',1,'admin','研发部门','/system/dict/data','127.0.0.1','内网IP','{\"createBy\":\"admin\",\"cssClass\":\"\",\"default\":false,\"dictLabel\":\"通过\",\"dictSort\":1,\"dictType\":\"sys_audit_result\",\"dictValue\":\"1\",\"listClass\":\"default\",\"params\":{},\"remark\":\"通过\",\"status\":\"0\"}','{\"msg\":\"操作成功\",\"code\":200}',0,NULL,'2025-07-17 10:41:08',5),(197,'字典数据',2,'com.ruoyi.web.controller.system.SysDictDataController.edit()','PUT',1,'admin','研发部门','/system/dict/data','127.0.0.1','内网IP','{\"createBy\":\"admin\",\"createTime\":\"2025-07-17 10:40:29\",\"default\":false,\"dictCode\":101,\"dictLabel\":\"未通过1\",\"dictSort\":2,\"dictType\":\"sys_audit_result\",\"dictValue\":\"21\",\"isDefault\":\"N\",\"listClass\":\"default\",\"params\":{},\"remark\":\"未通过1\",\"status\":\"0\",\"updateBy\":\"admin\"}','{\"msg\":\"操作成功\",\"code\":200}',0,NULL,'2025-07-17 10:41:24',6),(198,'字典数据',2,'com.ruoyi.web.controller.system.SysDictDataController.edit()','PUT',1,'admin','研发部门','/system/dict/data','127.0.0.1','内网IP','{\"createBy\":\"admin\",\"createTime\":\"2025-07-17 10:41:08\",\"default\":false,\"dictCode\":102,\"dictLabel\":\"未通过\",\"dictSort\":2,\"dictType\":\"sys_audit_result\",\"dictValue\":\"2\",\"isDefault\":\"N\",\"listClass\":\"default\",\"params\":{},\"remark\":\"未通过\",\"status\":\"0\",\"updateBy\":\"admin\"}','{\"msg\":\"操作成功\",\"code\":200}',0,NULL,'2025-07-17 10:41:39',18),(199,'字典数据',2,'com.ruoyi.web.controller.system.SysDictDataController.edit()','PUT',1,'admin','研发部门','/system/dict/data','127.0.0.1','内网IP','{\"createBy\":\"admin\",\"createTime\":\"2025-07-17 10:40:29\",\"default\":false,\"dictCode\":101,\"dictLabel\":\"通过\",\"dictSort\":1,\"dictType\":\"sys_audit_result\",\"dictValue\":\"1\",\"isDefault\":\"N\",\"listClass\":\"default\",\"params\":{},\"remark\":\"通过\",\"status\":\"0\",\"updateBy\":\"admin\"}','{\"msg\":\"操作成功\",\"code\":200}',0,NULL,'2025-07-17 10:41:48',17),(200,'字典类型',2,'com.ruoyi.web.controller.system.SysDictTypeController.edit()','PUT',1,'admin','研发部门','/system/dict/type','127.0.0.1','内网IP','{\"createBy\":\"admin\",\"createTime\":\"2025-07-17 10:39:12\",\"dictId\":100,\"dictName\":\"审核结果\",\"dictType\":\"stu_audit_result\",\"params\":{},\"remark\":\"审核结果列表\",\"status\":\"0\",\"updateBy\":\"admin\"}','{\"msg\":\"操作成功\",\"code\":200}',0,NULL,'2025-07-17 10:42:28',20),(201,'字典类型',1,'com.ruoyi.web.controller.system.SysDictTypeController.add()','POST',1,'admin','研发部门','/system/dict/type','127.0.0.1','内网IP','{\"createBy\":\"admin\",\"dictName\":\"请假类型\",\"dictType\":\"stu_leave_type\",\"params\":{},\"remark\":\"请假类型列表\",\"status\":\"0\"}','{\"msg\":\"操作成功\",\"code\":200}',0,NULL,'2025-07-17 10:42:51',16),(202,'字典数据',1,'com.ruoyi.web.controller.system.SysDictDataController.add()','POST',1,'admin','研发部门','/system/dict/data','127.0.0.1','内网IP','{\"createBy\":\"admin\",\"default\":false,\"dictLabel\":\"病假\",\"dictSort\":0,\"dictType\":\"stu_leave_type\",\"dictValue\":\"0\",\"listClass\":\"default\",\"params\":{},\"status\":\"0\"}','{\"msg\":\"操作成功\",\"code\":200}',0,NULL,'2025-07-17 10:43:17',17),(203,'字典数据',1,'com.ruoyi.web.controller.system.SysDictDataController.add()','POST',1,'admin','研发部门','/system/dict/data','127.0.0.1','内网IP','{\"createBy\":\"admin\",\"cssClass\":\"\",\"default\":false,\"dictLabel\":\"事假\",\"dictSort\":1,\"dictType\":\"stu_leave_type\",\"dictValue\":\"1\",\"listClass\":\"default\",\"params\":{},\"status\":\"0\"}','{\"msg\":\"操作成功\",\"code\":200}',0,NULL,'2025-07-17 10:43:35',6),(204,'字典数据',1,'com.ruoyi.web.controller.system.SysDictDataController.add()','POST',1,'admin','研发部门','/system/dict/data','127.0.0.1','内网IP','{\"createBy\":\"admin\",\"default\":false,\"dictLabel\":\"公假\",\"dictSort\":2,\"dictType\":\"stu_leave_type\",\"dictValue\":\"2\",\"listClass\":\"default\",\"params\":{},\"status\":\"0\"}','{\"msg\":\"操作成功\",\"code\":200}',0,NULL,'2025-07-17 10:43:44',17),(205,'字典数据',1,'com.ruoyi.web.controller.system.SysDictDataController.add()','POST',1,'admin','研发部门','/system/dict/data','127.0.0.1','内网IP','{\"createBy\":\"admin\",\"default\":false,\"dictLabel\":\"孕假\",\"dictSort\":3,\"dictType\":\"stu_leave_type\",\"dictValue\":\"3\",\"listClass\":\"default\",\"params\":{},\"status\":\"0\"}','{\"msg\":\"操作成功\",\"code\":200}',0,NULL,'2025-07-17 10:43:55',18),(206,'字典数据',1,'com.ruoyi.web.controller.system.SysDictDataController.add()','POST',1,'admin','研发部门','/system/dict/data','127.0.0.1','内网IP','{\"createBy\":\"admin\",\"default\":false,\"dictLabel\":\"年假\",\"dictSort\":4,\"dictType\":\"stu_leave_type\",\"dictValue\":\"4\",\"listClass\":\"default\",\"params\":{},\"status\":\"0\"}','{\"msg\":\"操作成功\",\"code\":200}',0,NULL,'2025-07-17 10:44:08',7),(207,'字典数据',1,'com.ruoyi.web.controller.system.SysDictDataController.add()','POST',1,'admin','研发部门','/system/dict/data','127.0.0.1','内网IP','{\"createBy\":\"admin\",\"default\":false,\"dictLabel\":\"其他\",\"dictSort\":5,\"dictType\":\"stu_leave_type\",\"dictValue\":\"5\",\"listClass\":\"default\",\"params\":{},\"status\":\"0\"}','{\"msg\":\"操作成功\",\"code\":200}',0,NULL,'2025-07-17 10:44:17',18),(208,'代码生成',2,'com.ruoyi.generator.controller.GenController.editSave()','PUT',1,'admin','研发部门','/tool/gen','127.0.0.1','内网IP','{\"businessName\":\"leave\",\"className\":\"StuLeave\",\"columns\":[{\"capJavaField\":\"LeaveId\",\"columnComment\":\"请假ID\",\"columnId\":8,\"columnName\":\"leave_id\",\"columnType\":\"int\",\"createBy\":\"admin\",\"createTime\":\"2025-07-17 10:34:22\",\"dictType\":\"\",\"edit\":false,\"htmlType\":\"input\",\"increment\":true,\"insert\":true,\"isIncrement\":\"1\",\"isInsert\":\"1\",\"isPk\":\"1\",\"isRequired\":\"0\",\"javaField\":\"leaveId\",\"javaType\":\"Long\",\"list\":false,\"params\":{},\"pk\":true,\"query\":false,\"queryType\":\"EQ\",\"required\":false,\"sort\":1,\"superColumn\":false,\"tableId\":2,\"updateBy\":\"\",\"updateTime\":\"2025-07-17 10:37:09\",\"usableColumn\":false},{\"capJavaField\":\"LeaveStudent\",\"columnComment\":\"学号\",\"columnId\":9,\"columnName\":\"leave_student\",\"columnType\":\"int\",\"createBy\":\"admin\",\"createTime\":\"2025-07-17 10:34:22\",\"dictType\":\"\",\"edit\":true,\"htmlType\":\"input\",\"increment\":false,\"insert\":true,\"isEdit\":\"1\",\"isIncrement\":\"0\",\"isInsert\":\"1\",\"isList\":\"1\",\"isPk\":\"0\",\"isQuery\":\"1\",\"isRequired\":\"1\",\"javaField\":\"leaveStudent\",\"javaType\":\"Long\",\"list\":true,\"params\":{},\"pk\":false,\"query\":true,\"queryType\":\"EQ\",\"required\":true,\"sort\":2,\"superColumn\":false,\"tableId\":2,\"updateBy\":\"\",\"updateTime\":\"2025-07-17 10:37:09\",\"usableColumn\":false},{\"capJavaField\":\"LeaveType\",\"columnComment\":\"请假类型（0病假1事假2公假3孕假4年假5其他）\",\"columnId\":10,\"columnName\":\"leave_type\",\"columnType\":\"char(1)\",\"createBy\":\"admin\",\"createTime\":\"2025-07-17 10:34:22\",\"dictType\":\"stu_leave_type\",\"edit\":true,\"htmlType\":\"select\",\"increment\":false,\"insert\":true,\"isEdit\":\"1\",\"isIncrement\":\"0\",\"isInsert\":\"1\",\"isList\":\"1\",\"isPk\":\"0\",\"isQuery\":\"1\",\"isRequired\":\"1\",\"javaField\":\"leaveType\",\"javaType\":\"String\",\"list\":true,\"params\":{},\"pk\":false,\"query\":true,\"queryType\":\"EQ\",\"required\":true,\"sort\":3,\"superColumn\":false,\"tableId\":2,\"updateBy\":\"\",\"updateTime\":\"2025-07-17 10:37:09\",\"usableColumn\":false},{\"capJavaField\":\"LeaveReason\",\"columnComment\":\"请假原因\",\"columnId\":11,\"columnName\":\"leave_reason\",\"columnType\":\"varchar(30)\",\"createBy\":\"admin\",\"createTime\":\"2025-07-17 10:34:22\",\"dictType\":\"\",\"edit\":true,\"htmlTy','{\"msg\":\"操作成功\",\"code\":200}',0,NULL,'2025-07-17 10:44:52',29),(209,'代码生成',8,'com.ruoyi.generator.controller.GenController.batchGenCode()','GET',1,'admin','研发部门','/tool/gen/batchGenCode','127.0.0.1','内网IP','{\"tables\":\"stu_leave\"}',NULL,0,NULL,'2025-07-17 10:45:09',53),(210,'学生信息',5,'com.ruoyi.system.controller.StudentController.export()','POST',1,'admin','研发部门','/system/student/export','127.0.0.1','内网IP','{\"pageSize\":\"10\",\"pageNum\":\"1\"}',NULL,0,NULL,'2025-07-17 10:53:14',737),(211,'学生信息',5,'com.ruoyi.system.controller.StudentController.export()','POST',1,'admin','研发部门','/system/student/export','127.0.0.1','内网IP','{\"pageSize\":\"10\",\"pageNum\":\"1\"}',NULL,0,NULL,'2025-07-17 10:59:02',98),(212,'菜单管理',2,'com.ruoyi.web.controller.system.SysMenuController.edit()','PUT',1,'admin','研发部门','/system/menu','127.0.0.1','内网IP','{\"children\":[],\"component\":\"system/leave/index\",\"createTime\":\"2025-07-17 10:50:54\",\"icon\":\"#\",\"isCache\":\"0\",\"isFrame\":\"1\",\"menuId\":2018,\"menuName\":\"学生请假\",\"menuType\":\"F\",\"orderNum\":1,\"params\":{},\"parentId\":2000,\"path\":\"leave\",\"perms\":\"system:leave:list\",\"routeName\":\"\",\"status\":\"0\",\"updateBy\":\"admin\",\"visible\":\"0\"}','{\"msg\":\"操作成功\",\"code\":200}',0,NULL,'2025-07-17 11:14:05',17),(213,'菜单管理',2,'com.ruoyi.web.controller.system.SysMenuController.edit()','PUT',1,'admin','研发部门','/system/menu','127.0.0.1','内网IP','{\"children\":[],\"component\":\"system/leave/index\",\"createTime\":\"2025-07-17 10:50:54\",\"icon\":\"#\",\"isCache\":\"0\",\"isFrame\":\"1\",\"menuId\":2018,\"menuName\":\"学生请假\",\"menuType\":\"M\",\"orderNum\":1,\"params\":{},\"parentId\":2000,\"path\":\"leave\",\"perms\":\"system:leave:list\",\"routeName\":\"\",\"status\":\"0\",\"updateBy\":\"admin\",\"visible\":\"0\"}','{\"msg\":\"操作成功\",\"code\":200}',0,NULL,'2025-07-17 11:14:22',17),(214,'菜单管理',2,'com.ruoyi.web.controller.system.SysMenuController.edit()','PUT',1,'admin','研发部门','/system/menu','127.0.0.1','内网IP','{\"children\":[],\"component\":\"system/leave/index\",\"createTime\":\"2025-07-17 10:50:54\",\"icon\":\"#\",\"isCache\":\"0\",\"isFrame\":\"1\",\"menuId\":2018,\"menuName\":\"学生请假\",\"menuType\":\"M\",\"orderNum\":1,\"params\":{},\"path\":\"leave\",\"perms\":\"system:leave:list\",\"routeName\":\"\",\"status\":\"0\",\"updateBy\":\"admin\",\"visible\":\"0\"}','{\"msg\":\"操作成功\",\"code\":200}',0,NULL,'2025-07-17 11:14:51',6),(215,'菜单管理',2,'com.ruoyi.web.controller.system.SysMenuController.edit()','PUT',1,'admin','研发部门','/system/menu','127.0.0.1','内网IP','{\"children\":[],\"component\":\"system/leave/index\",\"createTime\":\"2025-07-17 10:50:54\",\"icon\":\"#\",\"isCache\":\"0\",\"isFrame\":\"1\",\"menuId\":2018,\"menuName\":\"学生请假\",\"menuType\":\"M\",\"orderNum\":1,\"params\":{},\"parentId\":0,\"path\":\"leave\",\"perms\":\"system:leave:list\",\"routeName\":\"\",\"status\":\"0\",\"updateBy\":\"admin\",\"visible\":\"0\"}','{\"msg\":\"操作成功\",\"code\":200}',0,NULL,'2025-07-17 11:15:03',5),(216,'菜单管理',2,'com.ruoyi.web.controller.system.SysMenuController.edit()','PUT',1,'admin','研发部门','/system/menu','127.0.0.1','内网IP','{\"children\":[],\"component\":\"system/leave/index\",\"createTime\":\"2025-07-17 10:50:54\",\"icon\":\"#\",\"isCache\":\"0\",\"isFrame\":\"1\",\"menuId\":2018,\"menuName\":\"学生请假\",\"menuType\":\"C\",\"orderNum\":1,\"params\":{},\"parentId\":2018,\"path\":\"leave\",\"perms\":\"system:leave:list\",\"routeName\":\"\",\"status\":\"0\",\"visible\":\"0\"}','{\"msg\":\"修改菜单\'学生请假\'失败，上级菜单不能选择自己\",\"code\":500}',0,NULL,'2025-07-17 11:15:39',2),(217,'菜单管理',2,'com.ruoyi.web.controller.system.SysMenuController.edit()','PUT',1,'admin','研发部门','/system/menu','127.0.0.1','内网IP','{\"children\":[],\"component\":\"system/leave/index\",\"createTime\":\"2025-07-17 10:50:54\",\"icon\":\"#\",\"isCache\":\"0\",\"isFrame\":\"1\",\"menuId\":2018,\"menuName\":\"学生请假\",\"menuType\":\"C\",\"orderNum\":1,\"params\":{},\"parentId\":2000,\"path\":\"leave\",\"perms\":\"system:leave:list\",\"routeName\":\"\",\"status\":\"0\",\"updateBy\":\"admin\",\"visible\":\"0\"}','{\"msg\":\"操作成功\",\"code\":200}',0,NULL,'2025-07-17 11:15:48',16),(218,'菜单管理',2,'com.ruoyi.web.controller.system.SysMenuController.edit()','PUT',1,'admin','研发部门','/system/menu','127.0.0.1','内网IP','{\"children\":[],\"component\":\"system/leave/index\",\"createTime\":\"2025-07-17 10:50:54\",\"icon\":\"#\",\"isCache\":\"0\",\"isFrame\":\"1\",\"menuId\":2018,\"menuName\":\"学生请假\",\"menuType\":\"C\",\"orderNum\":1,\"params\":{},\"parentId\":1,\"path\":\"leave\",\"perms\":\"system:leave:list\",\"routeName\":\"\",\"status\":\"0\",\"updateBy\":\"admin\",\"visible\":\"0\"}','{\"msg\":\"操作成功\",\"code\":200}',0,NULL,'2025-07-17 11:16:22',17),(219,'菜单管理',2,'com.ruoyi.web.controller.system.SysMenuController.edit()','PUT',1,'admin','研发部门','/system/menu','127.0.0.1','内网IP','{\"children\":[],\"component\":\"system/leave/index\",\"createTime\":\"2025-07-17 10:50:54\",\"icon\":\"#\",\"isCache\":\"0\",\"isFrame\":\"1\",\"menuId\":2018,\"menuName\":\"学生请假\",\"menuType\":\"C\",\"orderNum\":1,\"params\":{},\"parentId\":2018,\"path\":\"leave\",\"perms\":\"system:leave:list\",\"routeName\":\"\",\"status\":\"0\",\"visible\":\"0\"}','{\"msg\":\"修改菜单\'学生请假\'失败，上级菜单不能选择自己\",\"code\":500}',0,NULL,'2025-07-17 11:17:05',3),(220,'菜单管理',2,'com.ruoyi.web.controller.system.SysMenuController.edit()','PUT',1,'admin','研发部门','/system/menu','127.0.0.1','内网IP','{\"children\":[],\"component\":\"system/leave/index\",\"createTime\":\"2025-07-17 10:50:54\",\"icon\":\"#\",\"isCache\":\"0\",\"isFrame\":\"1\",\"menuId\":2018,\"menuName\":\"学生请假\",\"menuType\":\"C\",\"orderNum\":1,\"params\":{},\"parentId\":2000,\"path\":\"leave\",\"perms\":\"system:leave:list\",\"routeName\":\"\",\"status\":\"0\",\"updateBy\":\"admin\",\"visible\":\"0\"}','{\"msg\":\"操作成功\",\"code\":200}',0,NULL,'2025-07-17 11:17:10',23),(221,'菜单管理',2,'com.ruoyi.web.controller.system.SysMenuController.edit()','PUT',1,'admin','研发部门','/system/menu','127.0.0.1','内网IP','{\"children\":[],\"component\":\"system/leave/index\",\"createTime\":\"2025-07-17 10:50:54\",\"icon\":\"#\",\"isCache\":\"0\",\"isFrame\":\"1\",\"menuId\":2018,\"menuName\":\"学生请假\",\"menuType\":\"F\",\"orderNum\":0,\"params\":{},\"parentId\":2000,\"path\":\"leave\",\"perms\":\"system:leave:list\",\"routeName\":\"\",\"status\":\"0\",\"updateBy\":\"admin\",\"visible\":\"0\"}','{\"msg\":\"操作成功\",\"code\":200}',0,NULL,'2025-07-17 11:17:48',16),(222,'菜单管理',2,'com.ruoyi.web.controller.system.SysMenuController.edit()','PUT',1,'admin','研发部门','/system/menu','127.0.0.1','内网IP','{\"children\":[],\"component\":\"system/leave/index\",\"createTime\":\"2025-07-17 10:50:54\",\"icon\":\"#\",\"isCache\":\"0\",\"isFrame\":\"1\",\"menuId\":2018,\"menuName\":\"学生请假\",\"menuType\":\"C\",\"orderNum\":2,\"params\":{},\"parentId\":1,\"path\":\"leave\",\"perms\":\"system:leave:list\",\"routeName\":\"\",\"status\":\"0\",\"updateBy\":\"admin\",\"visible\":\"0\"}','{\"msg\":\"操作成功\",\"code\":200}',0,NULL,'2025-07-17 11:18:19',18),(223,'菜单管理',2,'com.ruoyi.web.controller.system.SysMenuController.edit()','PUT',1,'admin','研发部门','/system/menu','127.0.0.1','内网IP','{\"children\":[],\"component\":\"system/leave/index\",\"createTime\":\"2025-07-17 10:50:54\",\"icon\":\"#\",\"isCache\":\"0\",\"isFrame\":\"1\",\"menuId\":2018,\"menuName\":\"学生请假\",\"menuType\":\"C\",\"orderNum\":1,\"params\":{},\"parentId\":1,\"path\":\"leave\",\"perms\":\"system:leave:list\",\"routeName\":\"\",\"status\":\"0\",\"updateBy\":\"admin\",\"visible\":\"0\"}','{\"msg\":\"操作成功\",\"code\":200}',0,NULL,'2025-07-17 11:18:30',6),(224,'菜单管理',2,'com.ruoyi.web.controller.system.SysMenuController.edit()','PUT',1,'admin','研发部门','/system/menu','127.0.0.1','内网IP','{\"children\":[],\"component\":\"system/leave/index\",\"createTime\":\"2025-07-17 10:50:54\",\"icon\":\"time\",\"isCache\":\"0\",\"isFrame\":\"1\",\"menuId\":2018,\"menuName\":\"学生请假\",\"menuType\":\"C\",\"orderNum\":1,\"params\":{},\"parentId\":1,\"path\":\"leave\",\"perms\":\"system:leave:list\",\"routeName\":\"\",\"status\":\"0\",\"updateBy\":\"admin\",\"visible\":\"0\"}','{\"msg\":\"操作成功\",\"code\":200}',0,NULL,'2025-07-17 11:18:59',25),(225,'菜单管理',2,'com.ruoyi.web.controller.system.SysMenuController.edit()','PUT',1,'admin','研发部门','/system/menu','127.0.0.1','内网IP','{\"children\":[],\"component\":\"system/leave/index\",\"createTime\":\"2025-07-17 10:50:54\",\"icon\":\"time\",\"isCache\":\"0\",\"isFrame\":\"1\",\"menuId\":2018,\"menuName\":\"学生请假\",\"menuType\":\"C\",\"orderNum\":1,\"params\":{},\"parentId\":1,\"path\":\"leave\",\"perms\":\"system:leave:list\",\"routeName\":\"student/leave\",\"status\":\"0\",\"updateBy\":\"admin\",\"visible\":\"0\"}','{\"msg\":\"操作成功\",\"code\":200}',0,NULL,'2025-07-17 11:28:20',28),(226,'菜单管理',2,'com.ruoyi.web.controller.system.SysMenuController.edit()','PUT',1,'admin','研发部门','/system/menu','127.0.0.1','内网IP','{\"children\":[],\"component\":\"system/leave/index\",\"createTime\":\"2025-07-17 10:50:54\",\"icon\":\"time\",\"isCache\":\"0\",\"isFrame\":\"1\",\"menuId\":2018,\"menuName\":\"学生请假\",\"menuType\":\"C\",\"orderNum\":1,\"params\":{},\"parentId\":2000,\"path\":\"leave\",\"perms\":\"system:leave:list\",\"routeName\":\"student/leave\",\"status\":\"0\",\"updateBy\":\"admin\",\"visible\":\"0\"}','{\"msg\":\"操作成功\",\"code\":200}',0,NULL,'2025-07-17 11:29:09',17),(227,'菜单管理',2,'com.ruoyi.web.controller.system.SysMenuController.edit()','PUT',1,'admin','研发部门','/system/menu','127.0.0.1','内网IP','{\"children\":[],\"component\":\"system/leave/index\",\"createTime\":\"2025-07-17 10:50:54\",\"icon\":\"time\",\"isCache\":\"0\",\"isFrame\":\"1\",\"menuId\":2018,\"menuName\":\"学生请假\",\"menuType\":\"C\",\"orderNum\":1,\"params\":{},\"parentId\":2000,\"path\":\"leave\",\"perms\":\"system:leave:list\",\"routeName\":\"leave\",\"status\":\"0\",\"updateBy\":\"admin\",\"visible\":\"0\"}','{\"msg\":\"操作成功\",\"code\":200}',0,NULL,'2025-07-17 11:29:47',13),(228,'菜单管理',2,'com.ruoyi.web.controller.system.SysMenuController.edit()','PUT',1,'admin','研发部门','/system/menu','127.0.0.1','内网IP','{\"children\":[],\"component\":\"system/leave/index\",\"createTime\":\"2025-07-17 10:50:54\",\"icon\":\"time\",\"isCache\":\"0\",\"isFrame\":\"1\",\"menuId\":2018,\"menuName\":\"学生请假\",\"menuType\":\"C\",\"orderNum\":1,\"params\":{},\"parentId\":2000,\"path\":\"leave\",\"perms\":\"system:leave:list\",\"routeName\":\"student/leave\",\"status\":\"0\",\"updateBy\":\"admin\",\"visible\":\"1\"}','{\"msg\":\"操作成功\",\"code\":200}',0,NULL,'2025-07-17 11:30:28',16),(229,'菜单管理',2,'com.ruoyi.web.controller.system.SysMenuController.edit()','PUT',1,'admin','研发部门','/system/menu','127.0.0.1','内网IP','{\"children\":[],\"component\":\"system/leave/index\",\"createTime\":\"2025-07-17 10:50:54\",\"icon\":\"time\",\"isCache\":\"0\",\"isFrame\":\"1\",\"menuId\":2018,\"menuName\":\"学生请假\",\"menuType\":\"C\",\"orderNum\":1,\"params\":{},\"parentId\":1,\"path\":\"leave\",\"perms\":\"system:leave:list\",\"routeName\":\"student/leave\",\"status\":\"0\",\"updateBy\":\"admin\",\"visible\":\"1\"}','{\"msg\":\"操作成功\",\"code\":200}',0,NULL,'2025-07-17 11:30:53',7),(230,'角色管理',1,'com.ruoyi.web.controller.system.SysRoleController.add()','POST',1,'admin','研发部门','/system/role','127.0.0.1','内网IP','{\"admin\":false,\"createBy\":\"admin\",\"deptCheckStrictly\":true,\"deptIds\":[],\"flag\":false,\"menuCheckStrictly\":true,\"menuIds\":[1,2018,2019,2020],\"params\":{},\"roleId\":101,\"roleKey\":\"student\",\"roleName\":\"学生\",\"roleSort\":3,\"status\":\"0\"}','{\"msg\":\"操作成功\",\"code\":200}',0,NULL,'2025-07-17 13:14:49',44),(231,'角色管理',1,'com.ruoyi.web.controller.system.SysRoleController.add()','POST',1,'admin','研发部门','/system/role','127.0.0.1','内网IP','{\"admin\":false,\"createBy\":\"admin\",\"deptCheckStrictly\":true,\"deptIds\":[],\"flag\":false,\"menuCheckStrictly\":true,\"menuIds\":[1,2018,2019,2020,2021,2022,2023],\"params\":{},\"roleId\":102,\"roleKey\":\"teacher\",\"roleName\":\"教师\",\"roleSort\":4,\"status\":\"0\"}','{\"msg\":\"操作成功\",\"code\":200}',0,NULL,'2025-07-17 13:15:09',13),(232,'学生请假',1,'com.ruoyi.system.controller.StuLeaveController.add()','POST',1,'admin','研发部门','/system/leave','127.0.0.1','内网IP','{\"leaveBegin\":\"2025-07-16\",\"leaveEnd\":\"2025-07-18\",\"leaveId\":1,\"leaveReason\":\"睡觉\",\"leaveStudent\":1,\"leaveType\":\"1\",\"params\":{}}','{\"msg\":\"操作成功\",\"code\":200}',0,NULL,'2025-07-17 13:18:04',30),(233,'角色管理',2,'com.ruoyi.web.controller.system.SysRoleController.dataScope()','PUT',1,'admin','研发部门','/system/role/dataScope','127.0.0.1','内网IP','{\"admin\":false,\"createTime\":\"2025-07-17 13:14:49\",\"dataScope\":\"5\",\"delFlag\":\"0\",\"deptCheckStrictly\":true,\"deptIds\":[],\"flag\":false,\"menuCheckStrictly\":true,\"params\":{},\"roleId\":101,\"roleKey\":\"student\",\"roleName\":\"学生\",\"roleSort\":3,\"status\":\"0\"}','{\"msg\":\"操作成功\",\"code\":200}',0,NULL,'2025-07-17 14:27:34',19),(234,'用户管理',1,'com.ruoyi.web.controller.system.SysUserController.add()','POST',1,'admin','研发部门','/system/user','127.0.0.1','内网IP','{\"admin\":false,\"createBy\":\"admin\",\"nickName\":\"张三\",\"params\":{},\"postIds\":[],\"roleIds\":[101],\"sex\":\"0\",\"status\":\"0\",\"userId\":101,\"userName\":\"张三\"}','{\"msg\":\"操作成功\",\"code\":200}',0,NULL,'2025-07-17 14:28:51',79),(235,'用户管理',2,'com.ruoyi.web.controller.system.SysUserController.edit()','PUT',1,'admin','研发部门','/system/user','127.0.0.1','内网IP','{\"admin\":false,\"avatar\":\"\",\"createBy\":\"admin\",\"createTime\":\"2025-07-17 14:28:51\",\"delFlag\":\"0\",\"email\":\"\",\"loginIp\":\"\",\"nickName\":\"学生张三\",\"params\":{},\"phonenumber\":\"\",\"postIds\":[],\"roleIds\":[101],\"roles\":[{\"admin\":false,\"dataScope\":\"5\",\"deptCheckStrictly\":false,\"flag\":false,\"menuCheckStrictly\":false,\"params\":{},\"roleId\":101,\"roleKey\":\"student\",\"roleName\":\"学生\",\"roleSort\":3,\"status\":\"0\"}],\"sex\":\"0\",\"status\":\"0\",\"updateBy\":\"admin\",\"userId\":101,\"userName\":\"张三\"}','{\"msg\":\"操作成功\",\"code\":200}',0,NULL,'2025-07-17 14:29:03',20),(236,'用户管理',2,'com.ruoyi.web.controller.system.SysUserController.resetPwd()','PUT',1,'admin','研发部门','/system/user/resetPwd','127.0.0.1','内网IP','{\"admin\":false,\"params\":{},\"updateBy\":\"admin\",\"userId\":101}','{\"msg\":\"操作成功\",\"code\":200}',0,NULL,'2025-07-17 14:29:36',76),(237,'角色管理',2,'com.ruoyi.web.controller.system.SysRoleController.edit()','PUT',1,'admin','研发部门','/system/role','127.0.0.1','内网IP','{\"admin\":false,\"createTime\":\"2025-07-17 13:14:49\",\"dataScope\":\"5\",\"delFlag\":\"0\",\"deptCheckStrictly\":true,\"flag\":false,\"menuCheckStrictly\":true,\"menuIds\":[1,2018,2019,2020],\"params\":{},\"roleId\":101,\"roleKey\":\"student\",\"roleName\":\"学生\",\"roleSort\":3,\"status\":\"0\",\"updateBy\":\"admin\"}','{\"msg\":\"操作成功\",\"code\":200}',0,NULL,'2025-07-17 14:30:36',22),(238,'角色管理',2,'com.ruoyi.web.controller.system.SysRoleController.edit()','PUT',1,'admin','研发部门','/system/role','127.0.0.1','内网IP','{\"admin\":false,\"createTime\":\"2025-07-17 13:14:49\",\"dataScope\":\"5\",\"delFlag\":\"0\",\"deptCheckStrictly\":true,\"flag\":false,\"menuCheckStrictly\":true,\"menuIds\":[1,2018,2019,2020,2000,2001,2002,2003,2004,2005],\"params\":{},\"roleId\":101,\"roleKey\":\"student\",\"roleName\":\"学生\",\"roleSort\":3,\"status\":\"0\",\"updateBy\":\"admin\"}','{\"msg\":\"操作成功\",\"code\":200}',0,NULL,'2025-07-17 14:31:49',23),(239,'学生请假',1,'com.ruoyi.system.controller.StuLeaveController.add()','POST',1,'张三',NULL,'/system/leave','127.0.0.1','内网IP','{\"leaveAuditor\":11,\"leaveBegin\":\"2025-07-18\",\"leaveEnd\":\"2025-07-19\",\"leaveId\":2,\"leaveReason\":\"睡觉\",\"leaveResult\":\"1\",\"leaveStudent\":1,\"leaveType\":\"1\",\"params\":{}}','{\"msg\":\"操作成功\",\"code\":200}',0,NULL,'2025-07-17 15:47:15',100),(240,'学生请假',3,'com.ruoyi.system.controller.StuLeaveController.remove()','DELETE',1,'admin','研发部门','/system/leave/2','127.0.0.1','内网IP','[2]','{\"msg\":\"操作成功\",\"code\":200}',0,NULL,'2025-07-17 15:59:38',19),(241,'学生请假',1,'com.ruoyi.system.controller.StuLeaveController.add()','POST',1,'admin','研发部门','/system/leave','127.0.0.1','内网IP','{\"leaveBegin\":\"2025-07-09\",\"leaveEnd\":\"2025-07-11\",\"leaveId\":3,\"leaveReason\":\"呕吐\",\"leaveStudent\":2,\"leaveType\":\"0\",\"params\":{}}','{\"msg\":\"操作成功\",\"code\":200}',0,NULL,'2025-07-17 15:59:52',7),(242,'学生请假',2,'com.ruoyi.system.controller.StuLeaveController.edit()','PUT',1,'admin','研发部门','/system/leave','127.0.0.1','内网IP','{\"leaveAuditor\":1,\"leaveBegin\":\"2025-07-16\",\"leaveEnd\":\"2025-07-18\",\"leaveId\":1,\"leaveName\":\"张三\",\"leaveReason\":\"睡觉\",\"leaveResult\":\"1\",\"leaveStudent\":1,\"leaveType\":\"1\",\"params\":{}}','{\"msg\":\"操作成功\",\"code\":200}',0,NULL,'2025-07-17 16:01:18',7),(243,'学生请假',2,'com.ruoyi.system.controller.StuLeaveController.edit()','PUT',1,'admin','研发部门','/system/leave','127.0.0.1','内网IP','{\"leaveAuditor\":1,\"leaveBegin\":\"2025-07-16\",\"leaveEnd\":\"2025-07-18\",\"leaveId\":1,\"leaveName\":\"张三\",\"leaveReason\":\"睡觉\",\"leaveResult\":\"未通过\",\"leaveStudent\":1,\"leaveType\":\"1\",\"params\":{}}',NULL,1,'\r\n### Error updating database.  Cause: com.mysql.cj.jdbc.exceptions.MysqlDataTruncation: Data truncation: Data too long for column \'leave_result\' at row 1\r\n### The error may exist in file [F:\\JavaProject\\RuoYi-Vue\\ruoyi-system\\target\\classes\\mapper\\system\\StuLeaveMapper.xml]\r\n### The error may involve com.ruoyi.system.mapper.StuLeaveMapper.updateStuLeave-Inline\r\n### The error occurred while setting parameters\r\n### SQL: update stu_leave          SET leave_result = ?,             leave_auditor = ?          where leave_id = ?\r\n### Cause: com.mysql.cj.jdbc.exceptions.MysqlDataTruncation: Data truncation: Data too long for column \'leave_result\' at row 1\n; Data truncation: Data too long for column \'leave_result\' at row 1; nested exception is com.mysql.cj.jdbc.exceptions.MysqlDataTruncation: Data truncation: Data too long for column \'leave_result\' at row 1','2025-07-17 16:30:21',58),(244,'学生请假',2,'com.ruoyi.system.controller.StuLeaveController.edit()','PUT',1,'admin','研发部门','/system/leave','127.0.0.1','内网IP','{\"leaveAuditor\":1,\"leaveAuditorName\":\"admin\",\"leaveBegin\":\"2025-07-16\",\"leaveEnd\":\"2025-07-18\",\"leaveId\":1,\"leaveName\":\"张三\",\"leaveReason\":\"睡觉\",\"leaveResult\":\"1\",\"leaveStudent\":1,\"leaveType\":\"1\",\"params\":{}}','{\"msg\":\"操作成功\",\"code\":200}',0,NULL,'2025-07-17 17:24:02',12),(245,'学生请假',1,'com.ruoyi.system.controller.StuLeaveController.add()','POST',1,'admin','研发部门','/system/leave','127.0.0.1','内网IP','{\"leaveBegin\":\"2025-07-08\",\"leaveEnd\":\"2025-07-24\",\"leaveId\":4,\"leaveReason\":\"1\",\"leaveStudent\":3,\"leaveType\":\"0\",\"params\":{}}','{\"msg\":\"操作成功\",\"code\":200}',0,NULL,'2025-07-17 17:37:48',15),(246,'学生请假',3,'com.ruoyi.system.controller.StuLeaveController.remove()','DELETE',1,'admin','研发部门','/system/leave/4','127.0.0.1','内网IP','[4]','{\"msg\":\"操作成功\",\"code\":200}',0,NULL,'2025-07-18 08:43:27',19),(247,'学生请假',2,'com.ruoyi.system.controller.StuLeaveController.edit()','PUT',1,'admin','研发部门','/system/leave','127.0.0.1','内网IP','{\"leaveAuditor\":1,\"leaveAuditorName\":\"admin\",\"leaveBegin\":\"2025-07-16\",\"leaveEnd\":\"2025-07-18\",\"leaveId\":1,\"leaveName\":\"张三\",\"leaveReason\":\"睡觉\",\"leaveResult\":\"1\",\"leaveStudent\":1,\"leaveType\":\"1\",\"params\":{}}','{\"msg\":\"操作成功\",\"code\":200}',0,NULL,'2025-07-18 10:46:42',24),(248,'学生请假',2,'com.ruoyi.system.controller.StuLeaveController.edit()','PUT',1,'admin','研发部门','/system/leave','127.0.0.1','内网IP','{\"leaveAuditor\":1,\"leaveAuditorName\":\"admin\",\"leaveBegin\":\"2025-07-16\",\"leaveEnd\":\"2025-07-18\",\"leaveId\":1,\"leaveName\":\"张三\",\"leaveReason\":\"睡觉\",\"leaveResult\":\"1\",\"leaveStudent\":1,\"leaveType\":\"1\",\"params\":{}}','{\"msg\":\"操作成功\",\"code\":200}',0,NULL,'2025-07-18 10:46:44',4),(249,'学生请假',2,'com.ruoyi.system.controller.StuLeaveController.edit()','PUT',1,'admin','研发部门','/system/leave','127.0.0.1','内网IP','{\"leaveAuditor\":1,\"leaveAuditorName\":\"admin\",\"leaveBegin\":\"2025-07-16\",\"leaveEnd\":\"2025-07-18\",\"leaveId\":1,\"leaveName\":\"张三\",\"leaveReason\":\"睡觉\",\"leaveResult\":\"1\",\"leaveStudent\":1,\"leaveType\":\"1\",\"params\":{}}','{\"msg\":\"操作成功\",\"code\":200}',0,NULL,'2025-07-18 10:46:46',4),(250,'学生请假',2,'com.ruoyi.system.controller.StuLeaveController.edit()','PUT',1,'admin','研发部门','/system/leave','127.0.0.1','内网IP','{\"leaveAuditor\":1,\"leaveAuditorName\":\"admin\",\"leaveBegin\":\"2025-07-16\",\"leaveEnd\":\"2025-07-18\",\"leaveId\":1,\"leaveName\":\"张三\",\"leaveReason\":\"睡觉\",\"leaveResult\":\"1\",\"leaveStudent\":1,\"leaveType\":\"1\",\"params\":{}}','{\"msg\":\"操作成功\",\"code\":200}',0,NULL,'2025-07-18 10:46:47',2),(251,'学生请假',2,'com.ruoyi.system.controller.StuLeaveController.edit()','PUT',1,'admin','研发部门','/system/leave','127.0.0.1','内网IP','{\"leaveAuditor\":1,\"leaveAuditorName\":\"admin\",\"leaveBegin\":\"2025-07-16\",\"leaveEnd\":\"2025-07-18\",\"leaveId\":1,\"leaveName\":\"张三\",\"leaveReason\":\"睡觉\",\"leaveResult\":\"1\",\"leaveStudent\":1,\"leaveType\":\"1\",\"params\":{}}','{\"msg\":\"操作成功\",\"code\":200}',0,NULL,'2025-07-18 10:46:59',2),(252,'学生请假',2,'com.ruoyi.system.controller.StuLeaveController.edit()','PUT',1,'admin','研发部门','/system/leave','127.0.0.1','内网IP','{\"leaveAuditor\":1,\"leaveAuditorName\":\"admin\",\"leaveBegin\":\"2025-07-16\",\"leaveEnd\":\"2025-07-18\",\"leaveId\":1,\"leaveName\":\"张三\",\"leaveReason\":\"睡觉\",\"leaveResult\":\"0\",\"leaveStudent\":1,\"leaveType\":\"1\",\"params\":{}}','{\"msg\":\"操作成功\",\"code\":200}',0,NULL,'2025-07-18 10:47:12',4),(253,'学生请假',2,'com.ruoyi.system.controller.StuLeaveController.edit()','PUT',1,'admin','研发部门','/system/leave','127.0.0.1','内网IP','{\"leaveAuditor\":1,\"leaveAuditorName\":\"admin\",\"leaveBegin\":\"2025-07-16\",\"leaveEnd\":\"2025-07-18\",\"leaveId\":1,\"leaveName\":\"张三\",\"leaveReason\":\"睡觉\",\"leaveResult\":\"1\",\"leaveStudent\":1,\"leaveType\":\"1\",\"params\":{}}','{\"msg\":\"操作成功\",\"code\":200}',0,NULL,'2025-07-18 10:47:20',15),(254,'学生请假',2,'com.ruoyi.system.controller.StuLeaveController.edit()','PUT',1,'admin','研发部门','/system/leave','127.0.0.1','内网IP','{\"leaveAuditor\":1,\"leaveAuditorName\":\"admin\",\"leaveBegin\":\"2025-07-16\",\"leaveEnd\":\"2025-07-18\",\"leaveId\":1,\"leaveName\":\"张三\",\"leaveReason\":\"睡觉\",\"leaveResult\":\"1\",\"leaveStudent\":1,\"leaveType\":\"1\",\"params\":{}}','{\"msg\":\"操作成功\",\"code\":200}',0,NULL,'2025-07-18 10:47:24',3),(255,'学生请假',2,'com.ruoyi.system.controller.StuLeaveController.edit()','PUT',1,'admin','研发部门','/system/leave','127.0.0.1','内网IP','{\"leaveAuditor\":1,\"leaveBegin\":\"2025-07-09\",\"leaveEnd\":\"2025-07-11\",\"leaveId\":3,\"leaveName\":\"李四\",\"leaveReason\":\"呕吐\",\"leaveResult\":\"1\",\"leaveStudent\":2,\"leaveType\":\"0\",\"params\":{}}','{\"msg\":\"操作成功\",\"code\":200}',0,NULL,'2025-07-18 10:52:26',15),(256,'学生请假',2,'com.ruoyi.system.controller.StuLeaveController.edit()','PUT',1,'admin','研发部门','/system/leave','127.0.0.1','内网IP','{\"leaveAuditor\":1,\"leaveBegin\":\"2025-07-09\",\"leaveEnd\":\"2025-07-11\",\"leaveId\":3,\"leaveName\":\"李四\",\"leaveReason\":\"呕吐\",\"leaveResult\":\"1\",\"leaveStudent\":2,\"leaveType\":\"0\",\"params\":{}}','{\"msg\":\"操作成功\",\"code\":200}',0,NULL,'2025-07-18 10:52:27',4),(257,'学生请假',2,'com.ruoyi.system.controller.StuLeaveController.edit()','PUT',1,'admin','研发部门','/system/leave','127.0.0.1','内网IP','{\"leaveAuditor\":1,\"leaveBegin\":\"2025-07-09\",\"leaveEnd\":\"2025-07-11\",\"leaveId\":3,\"leaveName\":\"李四\",\"leaveReason\":\"呕吐\",\"leaveResult\":\"1\",\"leaveStudent\":2,\"leaveType\":\"0\",\"params\":{}}','{\"msg\":\"操作成功\",\"code\":200}',0,NULL,'2025-07-18 10:52:28',3),(258,'学生请假',2,'com.ruoyi.system.controller.StuLeaveController.edit()','PUT',1,'admin','研发部门','/system/leave','127.0.0.1','内网IP','{\"leaveAuditor\":1,\"leaveAuditorName\":\"admin\",\"leaveBegin\":\"2025-07-16\",\"leaveEnd\":\"2025-07-18\",\"leaveId\":1,\"leaveName\":\"张三\",\"leaveReason\":\"睡觉\",\"leaveResult\":\"0\",\"leaveStudent\":1,\"leaveType\":\"1\",\"params\":{}}','{\"msg\":\"操作成功\",\"code\":200}',0,NULL,'2025-07-18 10:52:35',15),(259,'学生请假',2,'com.ruoyi.system.controller.StuLeaveController.edit()','PUT',1,'admin','研发部门','/system/leave','127.0.0.1','内网IP','{\"leaveAuditor\":1,\"leaveAuditorName\":\"admin\",\"leaveBegin\":\"2025-07-09\",\"leaveEnd\":\"2025-07-11\",\"leaveId\":3,\"leaveName\":\"李四\",\"leaveReason\":\"呕吐\",\"leaveResult\":\"0\",\"leaveStudent\":2,\"leaveType\":\"0\",\"params\":{}}','{\"msg\":\"操作成功\",\"code\":200}',0,NULL,'2025-07-18 10:52:39',13),(260,'学生请假',2,'com.ruoyi.system.controller.StuLeaveController.edit()','PUT',1,'admin','研发部门','/system/leave','127.0.0.1','内网IP','{\"leaveAuditor\":1,\"leaveAuditorName\":\"admin\",\"leaveBegin\":\"2025-07-16\",\"leaveEnd\":\"2025-07-18\",\"leaveId\":1,\"leaveName\":\"张三\",\"leaveReason\":\"睡觉\",\"leaveResult\":\"1\",\"leaveStudent\":1,\"leaveType\":\"1\",\"params\":{}}','{\"msg\":\"操作成功\",\"code\":200}',0,NULL,'2025-07-18 10:54:34',5),(261,'学生请假',2,'com.ruoyi.system.controller.StuLeaveController.edit()','PUT',1,'admin','研发部门','/system/leave','127.0.0.1','内网IP','{\"leaveAuditor\":1,\"leaveAuditorName\":\"admin\",\"leaveBegin\":\"2025-07-16\",\"leaveEnd\":\"2025-07-18\",\"leaveId\":1,\"leaveName\":\"张三\",\"leaveReason\":\"睡觉\",\"leaveResult\":\"2\",\"leaveStudent\":1,\"leaveType\":\"1\",\"params\":{}}','{\"msg\":\"操作成功\",\"code\":200}',0,NULL,'2025-07-18 10:54:39',14),(262,'学生请假',2,'com.ruoyi.system.controller.StuLeaveController.edit()','PUT',1,'admin','研发部门','/system/leave','127.0.0.1','内网IP','{\"leaveAuditor\":1,\"leaveAuditorName\":\"admin\",\"leaveBegin\":\"2025-07-09\",\"leaveEnd\":\"2025-07-11\",\"leaveId\":3,\"leaveName\":\"李四\",\"leaveReason\":\"呕吐\",\"leaveResult\":\"1\",\"leaveStudent\":2,\"leaveType\":\"0\",\"params\":{}}','{\"msg\":\"操作成功\",\"code\":200}',0,NULL,'2025-07-18 10:54:47',15),(263,'学生请假',2,'com.ruoyi.system.controller.StuLeaveController.edit()','PUT',1,'admin','研发部门','/system/leave','127.0.0.1','内网IP','{\"leaveAuditor\":1,\"leaveAuditorName\":\"admin\",\"leaveBegin\":\"2025-07-09\",\"leaveEnd\":\"2025-07-11\",\"leaveId\":3,\"leaveName\":\"李四\",\"leaveReason\":\"呕吐\",\"leaveResult\":\"0\",\"leaveStudent\":2,\"leaveType\":\"0\",\"params\":{}}','{\"msg\":\"操作成功\",\"code\":200}',0,NULL,'2025-07-18 10:54:54',14),(264,'学生请假',2,'com.ruoyi.system.controller.StuLeaveController.edit()','PUT',1,'admin','研发部门','/system/leave','127.0.0.1','内网IP','{\"leaveAuditor\":1,\"leaveAuditorName\":\"admin\",\"leaveBegin\":\"2025-07-09\",\"leaveEnd\":\"2025-07-11\",\"leaveId\":3,\"leaveName\":\"李四\",\"leaveReason\":\"呕吐\",\"leaveResult\":\"1\",\"leaveStudent\":2,\"leaveType\":\"0\",\"params\":{}}','{\"msg\":\"操作成功\",\"code\":200}',0,NULL,'2025-07-18 10:55:05',15),(265,'学生请假',2,'com.ruoyi.system.controller.StuLeaveController.edit()','PUT',1,'admin','研发部门','/system/leave','127.0.0.1','内网IP','{\"leaveAuditor\":1,\"leaveAuditorName\":\"admin\",\"leaveBegin\":\"2025-07-16\",\"leaveEnd\":\"2025-07-18\",\"leaveId\":1,\"leaveName\":\"张三\",\"leaveReason\":\"睡觉\",\"leaveResult\":\"0\",\"leaveStudent\":1,\"leaveType\":\"1\",\"params\":{}}','{\"msg\":\"操作成功\",\"code\":200}',0,NULL,'2025-07-18 10:55:58',17),(266,'学生请假',2,'com.ruoyi.system.controller.StuLeaveController.edit()','PUT',1,'admin','研发部门','/system/leave','127.0.0.1','内网IP','{\"leaveAuditor\":1,\"leaveAuditorName\":\"admin\",\"leaveBegin\":\"2025-07-09\",\"leaveEnd\":\"2025-07-11\",\"leaveId\":3,\"leaveName\":\"李四\",\"leaveReason\":\"呕吐\",\"leaveResult\":\"2\",\"leaveStudent\":2,\"leaveType\":\"0\",\"params\":{}}','{\"msg\":\"操作成功\",\"code\":200}',0,NULL,'2025-07-18 10:56:37',13),(267,'学生请假',2,'com.ruoyi.system.controller.StuLeaveController.edit()','PUT',1,'admin','研发部门','/system/leave','127.0.0.1','内网IP','{\"leaveAuditor\":1,\"leaveAuditorName\":\"admin\",\"leaveBegin\":\"2025-07-09\",\"leaveEnd\":\"2025-07-11\",\"leaveId\":3,\"leaveName\":\"李四\",\"leaveReason\":\"呕吐\",\"leaveResult\":\"1\",\"leaveStudent\":2,\"leaveType\":\"0\",\"params\":{}}','{\"msg\":\"操作成功\",\"code\":200}',0,NULL,'2025-07-18 11:03:56',14),(268,'学生请假',2,'com.ruoyi.system.controller.StuLeaveController.edit()','PUT',1,'admin','研发部门','/system/leave','127.0.0.1','内网IP','{\"leaveAuditor\":1,\"leaveAuditorName\":\"admin\",\"leaveBegin\":\"2025-07-09\",\"leaveEnd\":\"2025-07-11\",\"leaveId\":3,\"leaveName\":\"李四\",\"leaveReason\":\"呕吐\",\"leaveResult\":\"2\",\"leaveStudent\":2,\"leaveType\":\"0\",\"params\":{}}','{\"msg\":\"操作成功\",\"code\":200}',0,NULL,'2025-07-18 11:04:37',4),(269,'学生请假',2,'com.ruoyi.system.controller.StuLeaveController.edit()','PUT',1,'admin','研发部门','/system/leave','127.0.0.1','内网IP','{\"leaveAuditor\":1,\"leaveAuditorName\":\"admin\",\"leaveBegin\":\"2025-07-16\",\"leaveEnd\":\"2025-07-18\",\"leaveId\":1,\"leaveName\":\"张三\",\"leaveReason\":\"睡觉\",\"leaveResult\":\"1\",\"leaveStudent\":1,\"leaveType\":\"1\",\"params\":{}}','{\"msg\":\"操作成功\",\"code\":200}',0,NULL,'2025-07-18 11:05:39',15),(270,'学生请假',2,'com.ruoyi.system.controller.StuLeaveController.edit()','PUT',1,'admin','研发部门','/system/leave','127.0.0.1','内网IP','{\"leaveAuditor\":1,\"leaveAuditorName\":\"admin\",\"leaveBegin\":\"2025-07-16\",\"leaveEnd\":\"2025-07-18\",\"leaveId\":1,\"leaveName\":\"张三\",\"leaveReason\":\"睡觉\",\"leaveResult\":\"1\",\"leaveStudent\":1,\"leaveType\":\"1\",\"params\":{}}','{\"msg\":\"操作成功\",\"code\":200}',0,NULL,'2025-07-18 11:05:43',4),(271,'学生请假',2,'com.ruoyi.system.controller.StuLeaveController.edit()','PUT',1,'admin','研发部门','/system/leave','127.0.0.1','内网IP','{\"leaveAuditor\":1,\"leaveAuditorName\":\"admin\",\"leaveBegin\":\"2025-07-16\",\"leaveEnd\":\"2025-07-18\",\"leaveId\":1,\"leaveName\":\"张三\",\"leaveReason\":\"睡觉\",\"leaveResult\":\"0\",\"leaveStudent\":1,\"leaveType\":\"1\",\"params\":{}}','{\"msg\":\"操作成功\",\"code\":200}',0,NULL,'2025-07-18 11:05:46',16),(272,'学生请假',2,'com.ruoyi.system.controller.StuLeaveController.edit()','PUT',1,'admin','研发部门','/system/leave','127.0.0.1','内网IP','{\"leaveAuditor\":1,\"leaveAuditorName\":\"admin\",\"leaveBegin\":\"2025-07-16\",\"leaveEnd\":\"2025-07-18\",\"leaveId\":1,\"leaveName\":\"张三\",\"leaveReason\":\"睡觉\",\"leaveResult\":\"1\",\"leaveStudent\":1,\"leaveType\":\"1\",\"params\":{}}','{\"msg\":\"操作成功\",\"code\":200}',0,NULL,'2025-07-18 11:05:48',5),(273,'学生请假',2,'com.ruoyi.system.controller.StuLeaveController.edit()','PUT',1,'admin','研发部门','/system/leave','127.0.0.1','内网IP','{\"leaveAuditor\":1,\"leaveAuditorName\":\"admin\",\"leaveBegin\":\"2025-07-16\",\"leaveEnd\":\"2025-07-18\",\"leaveId\":1,\"leaveName\":\"张三\",\"leaveReason\":\"睡觉\",\"leaveResult\":\"0\",\"leaveStudent\":1,\"leaveType\":\"1\",\"params\":{}}','{\"msg\":\"操作成功\",\"code\":200}',0,NULL,'2025-07-18 13:29:49',4),(274,'创建表',0,'com.ruoyi.generator.controller.GenController.createTableSave()','POST',1,'admin','研发部门','/tool/gen/createTable','127.0.0.1','内网IP','{\"sql\":\"create table biz_post (\\n                          post_id int(11) primary key,\\n                          post_name varchar(100) not null,\\n                          post_prov varchar(10) not null,\\n                          post_dist varchar(10) not null,\\n                          post_city varchar(10) not null,\\n                          post_addr varchar(100) not null\\n);\"}','{\"msg\":\"操作成功\",\"code\":200}',0,NULL,'2025-11-23 16:08:32',201),(275,'创建表',0,'com.ruoyi.generator.controller.GenController.createTableSave()','POST',1,'admin','研发部门','/tool/gen/createTable','127.0.0.1','内网IP','{\"sql\":\"CREATE TABLE biz_post (\\n                          post_id     INT(11)       PRIMARY KEY,\\n                          post_name   VARCHAR(100)  NOT NULL,\\n                          post_prov   VARCHAR(10)   NOT NULL,\\n                          post_dist   VARCHAR(10)   NOT NULL,\\n                          post_city   VARCHAR(10)   NOT NULL,\\n                          post_addr   VARCHAR(100)  NOT NULL\\n);\\n\\nCREATE TABLE biz_user (\\n                          user_id   INT(15)         PRIMARY KEY,\\n                          user_name VARCHAR(18)     NOT NULL,\\n                          user_tel  INT(11)         NOT NULL,\\n                          user_sta  VARCHAR(10)     NOT NULL,\\n                          user_pin  CHAR(10)        NOT NULL\\n);\\n\\nCREATE TABLE biz_addr (\\n                          addr_id   INT(20)         PRIMARY KEY,\\n                          addr_prov VARCHAR(10)     NOT NULL,\\n                          addr_city VARCHAR(10)     NOT NULL,\\n                          addr_dist VARCHAR(10)     NOT NULL,\\n                          addr_addr VARCHAR(100)    NOT NULL,\\n                          addr_name VARCHAR(18)     NOT NULL,\\n                          addr_tel  INT(11)         NOT NULL,\\n                          user_id   INT(15),\\n                          FOREIGN KEY (user_id) REFERENCES biz_user(user_id)\\n);\\n\\nCREATE TABLE biz_pack (\\n                          pack_id   INT(20)         PRIMARY KEY,\\n                          user_id   INT(15),\\n                          pack_sen  INT(20),\\n                          pack_rec  INT(20),\\n                          pack_dg   BOOL            NOT NULL,\\n                          pack_fra  BOOL            NOT NULL,\\n                          pack_urg  BOOL            NOT NULL,\\n                          pack_fin  CHAR(9),\\n                          pack_sta  VARCHAR(100)    NOT NULL,\\n                          pack_note VARCHAR(100),\\n                          FOREIGN KEY (user_id)   REFERE','{\"msg\":\"创建表结构异常\",\"code\":500}',0,NULL,'2025-11-30 15:38:55',86),(276,'代码生成',3,'com.ruoyi.generator.controller.GenController.remove()','DELETE',1,'admin','研发部门','/tool/gen/3','127.0.0.1','内网IP','[3]','{\"msg\":\"操作成功\",\"code\":200}',0,NULL,'2025-11-30 15:39:20',19),(277,'创建表',0,'com.ruoyi.generator.controller.GenController.createTableSave()','POST',1,'admin','研发部门','/tool/gen/createTable','127.0.0.1','内网IP','{\"sql\":\"CREATE TABLE biz_post (\\n                          post_id     INT(11)       PRIMARY KEY,\\n                          post_name   VARCHAR(100)  NOT NULL,\\n                          post_prov   VARCHAR(10)   NOT NULL,\\n                          post_dist   VARCHAR(10)   NOT NULL,\\n                          post_city   VARCHAR(10)   NOT NULL,\\n                          post_addr   VARCHAR(100)  NOT NULL\\n);\\n\"}','{\"msg\":\"创建表结构异常\",\"code\":500}',0,NULL,'2025-11-30 15:39:23',5),(278,'创建表',0,'com.ruoyi.generator.controller.GenController.createTableSave()','POST',1,'admin','研发部门','/tool/gen/createTable','127.0.0.1','内网IP','{\"sql\":\"CREATE TABLE biz_post (\\n                          post_id     INT(11)       PRIMARY KEY,\\n                          post_name   VARCHAR(100)  NOT NULL,\\n                          post_prov   VARCHAR(10)   NOT NULL,\\n                          post_dist   VARCHAR(10)   NOT NULL,\\n                          post_city   VARCHAR(10)   NOT NULL,\\n                          post_addr   VARCHAR(100)  NOT NULL\\n);\\n\"}','{\"msg\":\"操作成功\",\"code\":200}',0,NULL,'2025-11-30 15:41:50',65),(279,'代码生成',3,'com.ruoyi.generator.controller.GenController.remove()','DELETE',1,'admin','研发部门','/tool/gen/4','127.0.0.1','内网IP','[4]','{\"msg\":\"操作成功\",\"code\":200}',0,NULL,'2025-11-30 15:41:55',19),(280,'创建表',0,'com.ruoyi.generator.controller.GenController.createTableSave()','POST',1,'admin','研发部门','/tool/gen/createTable','127.0.0.1','内网IP','{\"sql\":\"DROP TABLE IF EXISTS biz_user;\\nCREATE TABLE biz_user (\\n                        user_id         BIGINT UNSIGNED     NOT NULL AUTO_INCREMENT COMMENT \'业务用户ID\',\\n                        user_name       VARCHAR(64)         NOT NULL                COMMENT \'用户姓名\',\\n                        user_tel        VARCHAR(20)         NOT NULL                COMMENT \'手机号\',\\n                        user_status     ENUM(\'正常\',\'冻结\',\'注销\')\\n                                                            NOT NULL DEFAULT \'正常\'  COMMENT \'用户状态\',\\n                        created_at      DATETIME            NOT NULL DEFAULT CURRENT_TIMESTAMP COMMENT \'创建时间\',\\n                        updated_at      DATETIME            NOT NULL DEFAULT CURRENT_TIMESTAMP ON UPDATE CURRENT_TIMESTAMP COMMENT \'更新时间\',\\n\\n                        PRIMARY KEY(user_id),\\n                        UNIQUE KEY uk_user_tel(user_tel)\\n) ENGINE=InnoDB DEFAULT CHARSET=utf8mb4 COMMENT=\'业务用户表\';\"}','{\"msg\":\"创建表结构异常\",\"code\":500}',0,NULL,'2025-12-08 23:15:03',8),(281,'创建表',0,'com.ruoyi.generator.controller.GenController.createTableSave()','POST',1,'admin','研发部门','/tool/gen/createTable','127.0.0.1','内网IP','{\"sql\":\"CREATE TABLE biz_user (\\n                        user_id         BIGINT UNSIGNED     NOT NULL AUTO_INCREMENT COMMENT \'业务用户ID\',\\n                        user_name       VARCHAR(64)         NOT NULL                COMMENT \'用户姓名\',\\n                        user_tel        VARCHAR(20)         NOT NULL                COMMENT \'手机号\',\\n                        user_status     ENUM(\'正常\',\'冻结\',\'注销\')\\n                                                            NOT NULL DEFAULT \'正常\'  COMMENT \'用户状态\',\\n                        created_at      DATETIME            NOT NULL DEFAULT CURRENT_TIMESTAMP COMMENT \'创建时间\',\\n                        updated_at      DATETIME            NOT NULL DEFAULT CURRENT_TIMESTAMP ON UPDATE CURRENT_TIMESTAMP COMMENT \'更新时间\',\\n\\n                        PRIMARY KEY(user_id),\\n                        UNIQUE KEY uk_user_tel(user_tel)\\n) ENGINE=InnoDB DEFAULT CHARSET=utf8mb4 COMMENT=\'业务用户表\';\"}','{\"msg\":\"创建表结构异常\",\"code\":500}',0,NULL,'2025-12-08 23:15:10',3),(282,'创建表',0,'com.ruoyi.generator.controller.GenController.createTableSave()','POST',1,'admin','研发部门','/tool/gen/createTable','127.0.0.1','内网IP','{\"sql\":\"CREATE TABLE biz_user (\\n                        user_id         BIGINT UNSIGNED     NOT NULL AUTO_INCREMENT COMMENT \'业务用户ID\',\\n) ENGINE=InnoDB DEFAULT CHARSET=utf8mb4 COMMENT=\'业务用户表\';\"}','{\"msg\":\"创建表结构异常\",\"code\":500}',0,NULL,'2025-12-08 23:15:20',8),(283,'创建表',0,'com.ruoyi.generator.controller.GenController.createTableSave()','POST',1,'admin','研发部门','/tool/gen/createTable','127.0.0.1','内网IP','{\"sql\":\"CREATE TABLE biz_user (\\n  user_id         BIGINT UNSIGNED     NOT NULL\\n) \"}','{\"msg\":\"操作成功\",\"code\":200}',0,NULL,'2025-12-08 23:15:29',74),(284,'代码生成',3,'com.ruoyi.generator.controller.GenController.remove()','DELETE',1,'admin','研发部门','/tool/gen/5','127.0.0.1','内网IP','[5]','{\"msg\":\"操作成功\",\"code\":200}',0,NULL,'2025-12-08 23:17:23',10),(285,'代码生成',6,'com.ruoyi.generator.controller.GenController.importTableSave()','POST',1,'admin','研发部门','/tool/gen/importTable','127.0.0.1','内网IP','{\"tables\":\"biz_pack_rejection,biz_pack_verify,biz_pack_flow,biz_addr,biz_pack,biz_post,biz_post_admin_map,biz_user\"}','{\"msg\":\"操作成功\",\"code\":200}',0,NULL,'2025-12-08 23:26:44',156),(286,'代码生成',2,'com.ruoyi.generator.controller.GenController.editSave()','PUT',1,'admin','研发部门','/tool/gen','127.0.0.1','内网IP','{\"businessName\":\"pack\",\"className\":\"BizPack\",\"columns\":[{\"capJavaField\":\"PackId\",\"columnComment\":\"包裹ID\",\"columnId\":40,\"columnName\":\"pack_id\",\"columnType\":\"bigint unsigned\",\"createBy\":\"admin\",\"createTime\":\"2025-12-08 23:26:44\",\"dictType\":\"\",\"edit\":false,\"increment\":true,\"insert\":true,\"isIncrement\":\"1\",\"isInsert\":\"1\",\"isPk\":\"1\",\"isRequired\":\"0\",\"javaField\":\"packId\",\"javaType\":\"String\",\"list\":false,\"params\":{},\"pk\":true,\"query\":false,\"queryType\":\"EQ\",\"required\":false,\"sort\":1,\"superColumn\":false,\"tableId\":7,\"updateBy\":\"\",\"usableColumn\":false},{\"capJavaField\":\"SenderId\",\"columnComment\":\"寄件用户(biz_user)\",\"columnId\":41,\"columnName\":\"sender_id\",\"columnType\":\"bigint unsigned\",\"createBy\":\"admin\",\"createTime\":\"2025-12-08 23:26:44\",\"dictType\":\"\",\"edit\":true,\"increment\":false,\"insert\":true,\"isEdit\":\"1\",\"isIncrement\":\"0\",\"isInsert\":\"1\",\"isList\":\"1\",\"isPk\":\"0\",\"isQuery\":\"1\",\"isRequired\":\"1\",\"javaField\":\"senderId\",\"javaType\":\"String\",\"list\":true,\"params\":{},\"pk\":false,\"query\":true,\"queryType\":\"EQ\",\"required\":true,\"sort\":2,\"superColumn\":false,\"tableId\":7,\"updateBy\":\"\",\"usableColumn\":false},{\"capJavaField\":\"SenderProv\",\"columnComment\":\"寄件省\",\"columnId\":42,\"columnName\":\"sender_prov\",\"columnType\":\"varchar(64)\",\"createBy\":\"admin\",\"createTime\":\"2025-12-08 23:26:44\",\"dictType\":\"\",\"edit\":true,\"htmlType\":\"input\",\"increment\":false,\"insert\":true,\"isEdit\":\"1\",\"isIncrement\":\"0\",\"isInsert\":\"1\",\"isList\":\"1\",\"isPk\":\"0\",\"isQuery\":\"1\",\"isRequired\":\"1\",\"javaField\":\"senderProv\",\"javaType\":\"String\",\"list\":true,\"params\":{},\"pk\":false,\"query\":true,\"queryType\":\"EQ\",\"required\":true,\"sort\":3,\"superColumn\":false,\"tableId\":7,\"updateBy\":\"\",\"usableColumn\":false},{\"capJavaField\":\"SenderCity\",\"columnComment\":\"寄件市\",\"columnId\":43,\"columnName\":\"sender_city\",\"columnType\":\"varchar(64)\",\"createBy\":\"admin\",\"createTime\":\"2025-12-08 23:26:44\",\"dictType\":\"\",\"edit\":true,\"htmlType\":\"input\",\"increment\":false,\"insert\":true,\"isEdit\":\"1\",\"isIncrement\":\"0\",\"isInsert\":\"1\",\"isList\":\"1\",\"isPk\":\"0\",\"isQuery\":\"1\",\"isRequired\":\"1\",\"java','{\"msg\":\"操作成功\",\"code\":200}',0,NULL,'2025-12-08 23:28:21',39),(287,'代码生成',8,'com.ruoyi.generator.controller.GenController.batchGenCode()','GET',1,'admin','研发部门','/tool/gen/batchGenCode','127.0.0.1','内网IP','{\"tables\":\"biz_pack\"}',NULL,0,NULL,'2025-12-08 23:28:54',53),(288,'代码生成',8,'com.ruoyi.generator.controller.GenController.batchGenCode()','GET',1,'admin','研发部门','/tool/gen/batchGenCode','127.0.0.1','内网IP','{\"tables\":\"biz_addr\"}',NULL,0,NULL,'2025-12-08 23:31:14',28),(289,'代码生成',8,'com.ruoyi.generator.controller.GenController.batchGenCode()','GET',1,'admin','研发部门','/tool/gen/batchGenCode','127.0.0.1','内网IP','{\"tables\":\"biz_pack_flow\"}',NULL,0,NULL,'2025-12-08 23:31:15',24),(290,'代码生成',8,'com.ruoyi.generator.controller.GenController.batchGenCode()','GET',1,'admin','研发部门','/tool/gen/batchGenCode','127.0.0.1','内网IP','{\"tables\":\"biz_pack_rejection\"}',NULL,0,NULL,'2025-12-08 23:31:16',21),(291,'代码生成',8,'com.ruoyi.generator.controller.GenController.batchGenCode()','GET',1,'admin','研发部门','/tool/gen/batchGenCode','127.0.0.1','内网IP','{\"tables\":\"biz_pack_verify\"}',NULL,0,NULL,'2025-12-08 23:31:17',30),(292,'代码生成',8,'com.ruoyi.generator.controller.GenController.batchGenCode()','GET',1,'admin','研发部门','/tool/gen/batchGenCode','127.0.0.1','内网IP','{\"tables\":\"biz_post\"}',NULL,0,NULL,'2025-12-08 23:31:18',24),(293,'代码生成',8,'com.ruoyi.generator.controller.GenController.batchGenCode()','GET',1,'admin','研发部门','/tool/gen/batchGenCode','127.0.0.1','内网IP','{\"tables\":\"biz_post_admin_map\"}',NULL,0,NULL,'2025-12-08 23:31:19',25),(294,'代码生成',8,'com.ruoyi.generator.controller.GenController.batchGenCode()','GET',1,'admin','研发部门','/tool/gen/batchGenCode','127.0.0.1','内网IP','{\"tables\":\"biz_user\"}',NULL,0,NULL,'2025-12-08 23:31:21',21),(295,'代码生成',3,'com.ruoyi.generator.controller.GenController.remove()','DELETE',1,'admin','研发部门','/tool/gen/6','127.0.0.1','内网IP','[6]','{\"msg\":\"操作成功\",\"code\":200}',0,NULL,'2025-12-09 00:14:52',12),(296,'代码生成',3,'com.ruoyi.generator.controller.GenController.remove()','DELETE',1,'admin','研发部门','/tool/gen/7','127.0.0.1','内网IP','[7]','{\"msg\":\"操作成功\",\"code\":200}',0,NULL,'2025-12-09 00:14:53',6),(297,'代码生成',3,'com.ruoyi.generator.controller.GenController.remove()','DELETE',1,'admin','研发部门','/tool/gen/8','127.0.0.1','内网IP','[8]','{\"msg\":\"操作成功\",\"code\":200}',0,NULL,'2025-12-09 00:14:54',8),(298,'代码生成',3,'com.ruoyi.generator.controller.GenController.remove()','DELETE',1,'admin','研发部门','/tool/gen/9','127.0.0.1','内网IP','[9]','{\"msg\":\"操作成功\",\"code\":200}',0,NULL,'2025-12-09 00:14:56',6),(299,'代码生成',3,'com.ruoyi.generator.controller.GenController.remove()','DELETE',1,'admin','研发部门','/tool/gen/10','127.0.0.1','内网IP','[10]','{\"msg\":\"操作成功\",\"code\":200}',0,NULL,'2025-12-09 00:14:57',5),(300,'代码生成',3,'com.ruoyi.generator.controller.GenController.remove()','DELETE',1,'admin','研发部门','/tool/gen/11','127.0.0.1','内网IP','[11]','{\"msg\":\"操作成功\",\"code\":200}',0,NULL,'2025-12-09 00:14:58',6),(301,'代码生成',3,'com.ruoyi.generator.controller.GenController.remove()','DELETE',1,'admin','研发部门','/tool/gen/12','127.0.0.1','内网IP','[12]','{\"msg\":\"操作成功\",\"code\":200}',0,NULL,'2025-12-09 00:14:59',14),(302,'代码生成',3,'com.ruoyi.generator.controller.GenController.remove()','DELETE',1,'admin','研发部门','/tool/gen/13','127.0.0.1','内网IP','[13]','{\"msg\":\"操作成功\",\"code\":200}',0,NULL,'2025-12-09 00:15:00',16),(303,'代码生成',6,'com.ruoyi.generator.controller.GenController.importTableSave()','POST',1,'admin','研发部门','/tool/gen/importTable','127.0.0.1','内网IP','{\"tables\":\"biz_addr,biz_client,biz_pack,biz_pack_flow,biz_pack_rejection,biz_pack_verify,biz_station,biz_station_admin_map\"}','{\"msg\":\"操作成功\",\"code\":200}',0,NULL,'2025-12-09 00:15:16',151),(304,'菜单管理',1,'com.ruoyi.web.controller.system.SysMenuController.add()','POST',1,'admin','研发部门','/system/menu','127.0.0.1','内网IP','{\"children\":[],\"createBy\":\"admin\",\"icon\":\"bug\",\"isCache\":\"0\",\"isFrame\":\"1\",\"menuName\":\"业务管理\",\"menuType\":\"M\",\"orderNum\":1,\"params\":{},\"parentId\":0,\"path\":\"business\",\"status\":\"0\",\"visible\":\"0\"}','{\"msg\":\"操作成功\",\"code\":200}',0,NULL,'2025-12-09 00:16:40',21),(305,'菜单管理',1,'com.ruoyi.web.controller.system.SysMenuController.add()','POST',1,'admin','研发部门','/system/menu','127.0.0.1','内网IP','{\"children\":[],\"createBy\":\"admin\",\"icon\":\"404\",\"isCache\":\"0\",\"isFrame\":\"1\",\"menuName\":\"1\",\"menuType\":\"M\",\"orderNum\":1,\"params\":{},\"parentId\":2024,\"path\":\"1\",\"status\":\"0\",\"visible\":\"0\"}','{\"msg\":\"操作成功\",\"code\":200}',0,NULL,'2025-12-09 00:17:15',5),(306,'代码生成',2,'com.ruoyi.generator.controller.GenController.editSave()','PUT',1,'admin','研发部门','/tool/gen','127.0.0.1','内网IP','{\"businessName\":\"addr\",\"className\":\"BizAddr\",\"columns\":[{\"capJavaField\":\"AddrId\",\"columnComment\":\"地址ID\",\"columnId\":105,\"columnName\":\"addr_id\",\"columnType\":\"bigint unsigned\",\"createBy\":\"admin\",\"createTime\":\"2025-12-09 00:15:16\",\"dictType\":\"\",\"edit\":false,\"increment\":true,\"insert\":true,\"isIncrement\":\"1\",\"isInsert\":\"1\",\"isPk\":\"1\",\"isRequired\":\"0\",\"javaField\":\"addrId\",\"javaType\":\"String\",\"list\":false,\"params\":{},\"pk\":true,\"query\":false,\"queryType\":\"EQ\",\"required\":false,\"sort\":1,\"superColumn\":false,\"tableId\":14,\"updateBy\":\"\",\"usableColumn\":false},{\"capJavaField\":\"ClientId\",\"columnComment\":\"所属用户(biz_client)\",\"columnId\":106,\"columnName\":\"client_id\",\"columnType\":\"bigint unsigned\",\"createBy\":\"admin\",\"createTime\":\"2025-12-09 00:15:16\",\"dictType\":\"\",\"edit\":true,\"increment\":false,\"insert\":true,\"isEdit\":\"1\",\"isIncrement\":\"0\",\"isInsert\":\"1\",\"isList\":\"1\",\"isPk\":\"0\",\"isQuery\":\"1\",\"isRequired\":\"1\",\"javaField\":\"clientId\",\"javaType\":\"String\",\"list\":true,\"params\":{},\"pk\":false,\"query\":true,\"queryType\":\"EQ\",\"required\":true,\"sort\":2,\"superColumn\":false,\"tableId\":14,\"updateBy\":\"\",\"usableColumn\":false},{\"capJavaField\":\"AddrName\",\"columnComment\":\"姓名\",\"columnId\":107,\"columnName\":\"addr_name\",\"columnType\":\"varchar(64)\",\"createBy\":\"admin\",\"createTime\":\"2025-12-09 00:15:16\",\"dictType\":\"\",\"edit\":true,\"htmlType\":\"input\",\"increment\":false,\"insert\":true,\"isEdit\":\"1\",\"isIncrement\":\"0\",\"isInsert\":\"1\",\"isList\":\"1\",\"isPk\":\"0\",\"isQuery\":\"1\",\"isRequired\":\"1\",\"javaField\":\"addrName\",\"javaType\":\"String\",\"list\":true,\"params\":{},\"pk\":false,\"query\":true,\"queryType\":\"LIKE\",\"required\":true,\"sort\":3,\"superColumn\":false,\"tableId\":14,\"updateBy\":\"\",\"usableColumn\":false},{\"capJavaField\":\"AddrTel\",\"columnComment\":\"电话\",\"columnId\":108,\"columnName\":\"addr_tel\",\"columnType\":\"varchar(20)\",\"createBy\":\"admin\",\"createTime\":\"2025-12-09 00:15:16\",\"dictType\":\"\",\"edit\":true,\"htmlType\":\"input\",\"increment\":false,\"insert\":true,\"isEdit\":\"1\",\"isIncrement\":\"0\",\"isInsert\":\"1\",\"isList\":\"1\",\"isPk\":\"0\",\"isQuery\":\"1\",\"isRequired\":\"1\",\"javaFie','{\"msg\":\"操作成功\",\"code\":200}',0,NULL,'2025-12-09 00:17:41',35),(307,'代码生成',2,'com.ruoyi.generator.controller.GenController.editSave()','PUT',1,'admin','研发部门','/tool/gen','127.0.0.1','内网IP','{\"businessName\":\"client\",\"className\":\"BizClient\",\"columns\":[{\"capJavaField\":\"ClientId\",\"columnComment\":\"业务用户ID\",\"columnId\":116,\"columnName\":\"client_id\",\"columnType\":\"bigint unsigned\",\"createBy\":\"admin\",\"createTime\":\"2025-12-09 00:15:16\",\"dictType\":\"\",\"edit\":false,\"increment\":true,\"insert\":true,\"isIncrement\":\"1\",\"isInsert\":\"1\",\"isPk\":\"1\",\"isRequired\":\"0\",\"javaField\":\"clientId\",\"javaType\":\"String\",\"list\":false,\"params\":{},\"pk\":true,\"query\":false,\"queryType\":\"EQ\",\"required\":false,\"sort\":1,\"superColumn\":false,\"tableId\":15,\"updateBy\":\"\",\"usableColumn\":false},{\"capJavaField\":\"ClientName\",\"columnComment\":\"用户姓名\",\"columnId\":117,\"columnName\":\"client_name\",\"columnType\":\"varchar(64)\",\"createBy\":\"admin\",\"createTime\":\"2025-12-09 00:15:16\",\"dictType\":\"\",\"edit\":true,\"htmlType\":\"input\",\"increment\":false,\"insert\":true,\"isEdit\":\"1\",\"isIncrement\":\"0\",\"isInsert\":\"1\",\"isList\":\"1\",\"isPk\":\"0\",\"isQuery\":\"1\",\"isRequired\":\"1\",\"javaField\":\"clientName\",\"javaType\":\"String\",\"list\":true,\"params\":{},\"pk\":false,\"query\":true,\"queryType\":\"LIKE\",\"required\":true,\"sort\":2,\"superColumn\":false,\"tableId\":15,\"updateBy\":\"\",\"usableColumn\":false},{\"capJavaField\":\"ClientTel\",\"columnComment\":\"手机号\",\"columnId\":118,\"columnName\":\"client_tel\",\"columnType\":\"varchar(20)\",\"createBy\":\"admin\",\"createTime\":\"2025-12-09 00:15:16\",\"dictType\":\"\",\"edit\":true,\"htmlType\":\"input\",\"increment\":false,\"insert\":true,\"isEdit\":\"1\",\"isIncrement\":\"0\",\"isInsert\":\"1\",\"isList\":\"1\",\"isPk\":\"0\",\"isQuery\":\"1\",\"isRequired\":\"1\",\"javaField\":\"clientTel\",\"javaType\":\"String\",\"list\":true,\"params\":{},\"pk\":false,\"query\":true,\"queryType\":\"EQ\",\"required\":true,\"sort\":3,\"superColumn\":false,\"tableId\":15,\"updateBy\":\"\",\"usableColumn\":false},{\"capJavaField\":\"ClientStatus\",\"columnComment\":\"用户状态\",\"columnId\":119,\"columnName\":\"client_status\",\"columnType\":\"enum(\'正常\',\'冻结\',\'注销\')\",\"createBy\":\"admin\",\"createTime\":\"2025-12-09 00:15:16\",\"dictType\":\"\",\"edit\":true,\"htmlType\":\"radio\",\"increment\":false,\"insert\":true,\"isEdit\":\"1\",\"isIncrement\":\"0\",\"isInsert\":\"1\",\"isList\":\"1\",\"isP','{\"msg\":\"操作成功\",\"code\":200}',0,NULL,'2025-12-09 00:17:49',9),(308,'代码生成',2,'com.ruoyi.generator.controller.GenController.editSave()','PUT',1,'admin','研发部门','/tool/gen','127.0.0.1','内网IP','{\"businessName\":\"pack\",\"className\":\"BizPack\",\"columns\":[{\"capJavaField\":\"PackId\",\"columnComment\":\"包裹ID\",\"columnId\":122,\"columnName\":\"pack_id\",\"columnType\":\"bigint unsigned\",\"createBy\":\"admin\",\"createTime\":\"2025-12-09 00:15:16\",\"dictType\":\"\",\"edit\":false,\"increment\":true,\"insert\":true,\"isIncrement\":\"1\",\"isInsert\":\"1\",\"isPk\":\"1\",\"isRequired\":\"0\",\"javaField\":\"packId\",\"javaType\":\"String\",\"list\":false,\"params\":{},\"pk\":true,\"query\":false,\"queryType\":\"EQ\",\"required\":false,\"sort\":1,\"superColumn\":false,\"tableId\":16,\"updateBy\":\"\",\"usableColumn\":false},{\"capJavaField\":\"SenderId\",\"columnComment\":\"寄件用户(biz_client)\",\"columnId\":123,\"columnName\":\"sender_id\",\"columnType\":\"bigint unsigned\",\"createBy\":\"admin\",\"createTime\":\"2025-12-09 00:15:16\",\"dictType\":\"\",\"edit\":true,\"increment\":false,\"insert\":true,\"isEdit\":\"1\",\"isIncrement\":\"0\",\"isInsert\":\"1\",\"isList\":\"1\",\"isPk\":\"0\",\"isQuery\":\"1\",\"isRequired\":\"1\",\"javaField\":\"senderId\",\"javaType\":\"String\",\"list\":true,\"params\":{},\"pk\":false,\"query\":true,\"queryType\":\"EQ\",\"required\":true,\"sort\":2,\"superColumn\":false,\"tableId\":16,\"updateBy\":\"\",\"usableColumn\":false},{\"capJavaField\":\"SenderProv\",\"columnComment\":\"寄件省\",\"columnId\":124,\"columnName\":\"sender_prov\",\"columnType\":\"varchar(64)\",\"createBy\":\"admin\",\"createTime\":\"2025-12-09 00:15:16\",\"dictType\":\"\",\"edit\":true,\"htmlType\":\"input\",\"increment\":false,\"insert\":true,\"isEdit\":\"1\",\"isIncrement\":\"0\",\"isInsert\":\"1\",\"isList\":\"1\",\"isPk\":\"0\",\"isQuery\":\"1\",\"isRequired\":\"1\",\"javaField\":\"senderProv\",\"javaType\":\"String\",\"list\":true,\"params\":{},\"pk\":false,\"query\":true,\"queryType\":\"EQ\",\"required\":true,\"sort\":3,\"superColumn\":false,\"tableId\":16,\"updateBy\":\"\",\"usableColumn\":false},{\"capJavaField\":\"SenderCity\",\"columnComment\":\"寄件市\",\"columnId\":125,\"columnName\":\"sender_city\",\"columnType\":\"varchar(64)\",\"createBy\":\"admin\",\"createTime\":\"2025-12-09 00:15:16\",\"dictType\":\"\",\"edit\":true,\"htmlType\":\"input\",\"increment\":false,\"insert\":true,\"isEdit\":\"1\",\"isIncrement\":\"0\",\"isInsert\":\"1\",\"isList\":\"1\",\"isPk\":\"0\",\"isQuery\":\"1\",\"isRequired\":','{\"msg\":\"操作成功\",\"code\":200}',0,NULL,'2025-12-09 00:18:04',32),(309,'代码生成',2,'com.ruoyi.generator.controller.GenController.editSave()','PUT',1,'admin','研发部门','/tool/gen','127.0.0.1','内网IP','{\"businessName\":\"flow\",\"className\":\"BizPackFlow\",\"columns\":[{\"capJavaField\":\"FlowId\",\"columnComment\":\"流转记录ID\",\"columnId\":145,\"columnName\":\"flow_id\",\"columnType\":\"bigint unsigned\",\"createBy\":\"admin\",\"createTime\":\"2025-12-09 00:15:16\",\"dictType\":\"\",\"edit\":false,\"increment\":true,\"insert\":true,\"isIncrement\":\"1\",\"isInsert\":\"1\",\"isPk\":\"1\",\"isRequired\":\"0\",\"javaField\":\"flowId\",\"javaType\":\"String\",\"list\":false,\"params\":{},\"pk\":true,\"query\":false,\"queryType\":\"EQ\",\"required\":false,\"sort\":1,\"superColumn\":false,\"tableId\":17,\"updateBy\":\"\",\"usableColumn\":false},{\"capJavaField\":\"PackId\",\"columnComment\":\"包裹ID\",\"columnId\":146,\"columnName\":\"pack_id\",\"columnType\":\"bigint unsigned\",\"createBy\":\"admin\",\"createTime\":\"2025-12-09 00:15:16\",\"dictType\":\"\",\"edit\":true,\"increment\":false,\"insert\":true,\"isEdit\":\"1\",\"isIncrement\":\"0\",\"isInsert\":\"1\",\"isList\":\"1\",\"isPk\":\"0\",\"isQuery\":\"1\",\"isRequired\":\"1\",\"javaField\":\"packId\",\"javaType\":\"String\",\"list\":true,\"params\":{},\"pk\":false,\"query\":true,\"queryType\":\"EQ\",\"required\":true,\"sort\":2,\"superColumn\":false,\"tableId\":17,\"updateBy\":\"\",\"usableColumn\":false},{\"capJavaField\":\"StationId\",\"columnComment\":\"驿站ID（在哪个站点发生）\",\"columnId\":147,\"columnName\":\"station_id\",\"columnType\":\"bigint unsigned\",\"createBy\":\"admin\",\"createTime\":\"2025-12-09 00:15:16\",\"dictType\":\"\",\"edit\":true,\"increment\":false,\"insert\":true,\"isEdit\":\"1\",\"isIncrement\":\"0\",\"isInsert\":\"1\",\"isList\":\"1\",\"isPk\":\"0\",\"isQuery\":\"1\",\"isRequired\":\"1\",\"javaField\":\"stationId\",\"javaType\":\"String\",\"list\":true,\"params\":{},\"pk\":false,\"query\":true,\"queryType\":\"EQ\",\"required\":true,\"sort\":3,\"superColumn\":false,\"tableId\":17,\"updateBy\":\"\",\"usableColumn\":false},{\"capJavaField\":\"AdminUserId\",\"columnComment\":\"操作管理员(sys_user)\",\"columnId\":148,\"columnName\":\"admin_user_id\",\"columnType\":\"bigint\",\"createBy\":\"admin\",\"createTime\":\"2025-12-09 00:15:16\",\"dictType\":\"\",\"edit\":true,\"htmlType\":\"input\",\"increment\":false,\"insert\":true,\"isEdit\":\"1\",\"isIncrement\":\"0\",\"isInsert\":\"1\",\"isList\":\"1\",\"isPk\":\"0\",\"isQuery\":\"1\",\"isRequired\":\"0\",\"javaF','{\"msg\":\"操作成功\",\"code\":200}',0,NULL,'2025-12-09 00:18:16',11),(310,'代码生成',2,'com.ruoyi.generator.controller.GenController.editSave()','PUT',1,'admin','研发部门','/tool/gen','127.0.0.1','内网IP','{\"businessName\":\"rejection\",\"className\":\"BizPackRejection\",\"columns\":[{\"capJavaField\":\"RejectId\",\"columnComment\":\"记录ID\",\"columnId\":152,\"columnName\":\"reject_id\",\"columnType\":\"bigint unsigned\",\"createBy\":\"admin\",\"createTime\":\"2025-12-09 00:15:16\",\"dictType\":\"\",\"edit\":false,\"increment\":true,\"insert\":true,\"isIncrement\":\"1\",\"isInsert\":\"1\",\"isPk\":\"1\",\"isRequired\":\"0\",\"javaField\":\"rejectId\",\"javaType\":\"String\",\"list\":false,\"params\":{},\"pk\":true,\"query\":false,\"queryType\":\"EQ\",\"required\":false,\"sort\":1,\"superColumn\":false,\"tableId\":18,\"updateBy\":\"\",\"usableColumn\":false},{\"capJavaField\":\"PackId\",\"columnComment\":\"包裹ID\",\"columnId\":153,\"columnName\":\"pack_id\",\"columnType\":\"bigint unsigned\",\"createBy\":\"admin\",\"createTime\":\"2025-12-09 00:15:16\",\"dictType\":\"\",\"edit\":true,\"increment\":false,\"insert\":true,\"isEdit\":\"1\",\"isIncrement\":\"0\",\"isInsert\":\"1\",\"isList\":\"1\",\"isPk\":\"0\",\"isQuery\":\"1\",\"isRequired\":\"1\",\"javaField\":\"packId\",\"javaType\":\"String\",\"list\":true,\"params\":{},\"pk\":false,\"query\":true,\"queryType\":\"EQ\",\"required\":true,\"sort\":2,\"superColumn\":false,\"tableId\":18,\"updateBy\":\"\",\"usableColumn\":false},{\"capJavaField\":\"RejectBy\",\"columnComment\":\"操作人（sys_user）\",\"columnId\":154,\"columnName\":\"reject_by\",\"columnType\":\"bigint\",\"createBy\":\"admin\",\"createTime\":\"2025-12-09 00:15:16\",\"dictType\":\"\",\"edit\":true,\"htmlType\":\"input\",\"increment\":false,\"insert\":true,\"isEdit\":\"1\",\"isIncrement\":\"0\",\"isInsert\":\"1\",\"isList\":\"1\",\"isPk\":\"0\",\"isQuery\":\"1\",\"isRequired\":\"0\",\"javaField\":\"rejectBy\",\"javaType\":\"Long\",\"list\":true,\"params\":{},\"pk\":false,\"query\":true,\"queryType\":\"EQ\",\"required\":false,\"sort\":3,\"superColumn\":false,\"tableId\":18,\"updateBy\":\"\",\"usableColumn\":false},{\"capJavaField\":\"RejectReason\",\"columnComment\":\"拒收原因\",\"columnId\":155,\"columnName\":\"reject_reason\",\"columnType\":\"varchar(255)\",\"createBy\":\"admin\",\"createTime\":\"2025-12-09 00:15:16\",\"dictType\":\"\",\"edit\":true,\"htmlType\":\"input\",\"increment\":false,\"insert\":true,\"isEdit\":\"1\",\"isIncrement\":\"0\",\"isInsert\":\"1\",\"isList\":\"1\",\"isPk\":\"0\",\"isQuery\":\"1\",\"isRequ','{\"msg\":\"操作成功\",\"code\":200}',0,NULL,'2025-12-09 00:18:24',8),(311,'代码生成',2,'com.ruoyi.generator.controller.GenController.editSave()','PUT',1,'admin','研发部门','/tool/gen','127.0.0.1','内网IP','{\"businessName\":\"verify\",\"className\":\"BizPackVerify\",\"columns\":[{\"capJavaField\":\"VerifyId\",\"columnComment\":\"审核记录ID\",\"columnId\":157,\"columnName\":\"verify_id\",\"columnType\":\"bigint unsigned\",\"createBy\":\"admin\",\"createTime\":\"2025-12-09 00:15:16\",\"dictType\":\"\",\"edit\":false,\"increment\":true,\"insert\":true,\"isIncrement\":\"1\",\"isInsert\":\"1\",\"isPk\":\"1\",\"isRequired\":\"0\",\"javaField\":\"verifyId\",\"javaType\":\"String\",\"list\":false,\"params\":{},\"pk\":true,\"query\":false,\"queryType\":\"EQ\",\"required\":false,\"sort\":1,\"superColumn\":false,\"tableId\":19,\"updateBy\":\"\",\"usableColumn\":false},{\"capJavaField\":\"PackId\",\"columnComment\":\"包裹ID\",\"columnId\":158,\"columnName\":\"pack_id\",\"columnType\":\"bigint unsigned\",\"createBy\":\"admin\",\"createTime\":\"2025-12-09 00:15:16\",\"dictType\":\"\",\"edit\":true,\"increment\":false,\"insert\":true,\"isEdit\":\"1\",\"isIncrement\":\"0\",\"isInsert\":\"1\",\"isList\":\"1\",\"isPk\":\"0\",\"isQuery\":\"1\",\"isRequired\":\"1\",\"javaField\":\"packId\",\"javaType\":\"String\",\"list\":true,\"params\":{},\"pk\":false,\"query\":true,\"queryType\":\"EQ\",\"required\":true,\"sort\":2,\"superColumn\":false,\"tableId\":19,\"updateBy\":\"\",\"usableColumn\":false},{\"capJavaField\":\"StationId\",\"columnComment\":\"驿站ID\",\"columnId\":159,\"columnName\":\"station_id\",\"columnType\":\"bigint unsigned\",\"createBy\":\"admin\",\"createTime\":\"2025-12-09 00:15:16\",\"dictType\":\"\",\"edit\":true,\"increment\":false,\"insert\":true,\"isEdit\":\"1\",\"isIncrement\":\"0\",\"isInsert\":\"1\",\"isList\":\"1\",\"isPk\":\"0\",\"isQuery\":\"1\",\"isRequired\":\"1\",\"javaField\":\"stationId\",\"javaType\":\"String\",\"list\":true,\"params\":{},\"pk\":false,\"query\":true,\"queryType\":\"EQ\",\"required\":true,\"sort\":3,\"superColumn\":false,\"tableId\":19,\"updateBy\":\"\",\"usableColumn\":false},{\"capJavaField\":\"AdminUserId\",\"columnComment\":\"审核管理员ID\",\"columnId\":160,\"columnName\":\"admin_user_id\",\"columnType\":\"bigint\",\"createBy\":\"admin\",\"createTime\":\"2025-12-09 00:15:16\",\"dictType\":\"\",\"edit\":true,\"htmlType\":\"input\",\"increment\":false,\"insert\":true,\"isEdit\":\"1\",\"isIncrement\":\"0\",\"isInsert\":\"1\",\"isList\":\"1\",\"isPk\":\"0\",\"isQuery\":\"1\",\"isRequired\":\"0\",\"javaField\":\"','{\"msg\":\"操作成功\",\"code\":200}',0,NULL,'2025-12-09 00:18:33',11),(312,'代码生成',2,'com.ruoyi.generator.controller.GenController.editSave()','PUT',1,'admin','研发部门','/tool/gen','127.0.0.1','内网IP','{\"businessName\":\"station\",\"className\":\"BizStation\",\"columns\":[{\"capJavaField\":\"StationId\",\"columnComment\":\"驿站ID\",\"columnId\":166,\"columnName\":\"station_id\",\"columnType\":\"bigint unsigned\",\"createBy\":\"admin\",\"createTime\":\"2025-12-09 00:15:16\",\"dictType\":\"\",\"edit\":false,\"increment\":true,\"insert\":true,\"isIncrement\":\"1\",\"isInsert\":\"1\",\"isPk\":\"1\",\"isRequired\":\"0\",\"javaField\":\"stationId\",\"javaType\":\"String\",\"list\":false,\"params\":{},\"pk\":true,\"query\":false,\"queryType\":\"EQ\",\"required\":false,\"sort\":1,\"superColumn\":false,\"tableId\":20,\"updateBy\":\"\",\"usableColumn\":false},{\"capJavaField\":\"StationName\",\"columnComment\":\"驿站名称\",\"columnId\":167,\"columnName\":\"station_name\",\"columnType\":\"varchar(200)\",\"createBy\":\"admin\",\"createTime\":\"2025-12-09 00:15:16\",\"dictType\":\"\",\"edit\":true,\"htmlType\":\"input\",\"increment\":false,\"insert\":true,\"isEdit\":\"1\",\"isIncrement\":\"0\",\"isInsert\":\"1\",\"isList\":\"1\",\"isPk\":\"0\",\"isQuery\":\"1\",\"isRequired\":\"1\",\"javaField\":\"stationName\",\"javaType\":\"String\",\"list\":true,\"params\":{},\"pk\":false,\"query\":true,\"queryType\":\"LIKE\",\"required\":true,\"sort\":2,\"superColumn\":false,\"tableId\":20,\"updateBy\":\"\",\"usableColumn\":false},{\"capJavaField\":\"StationProv\",\"columnComment\":\"省\",\"columnId\":168,\"columnName\":\"station_prov\",\"columnType\":\"varchar(64)\",\"createBy\":\"admin\",\"createTime\":\"2025-12-09 00:15:16\",\"dictType\":\"\",\"edit\":true,\"htmlType\":\"input\",\"increment\":false,\"insert\":true,\"isEdit\":\"1\",\"isIncrement\":\"0\",\"isInsert\":\"1\",\"isList\":\"1\",\"isPk\":\"0\",\"isQuery\":\"1\",\"isRequired\":\"1\",\"javaField\":\"stationProv\",\"javaType\":\"String\",\"list\":true,\"params\":{},\"pk\":false,\"query\":true,\"queryType\":\"EQ\",\"required\":true,\"sort\":3,\"superColumn\":false,\"tableId\":20,\"updateBy\":\"\",\"usableColumn\":false},{\"capJavaField\":\"StationCity\",\"columnComment\":\"市\",\"columnId\":169,\"columnName\":\"station_city\",\"columnType\":\"varchar(64)\",\"createBy\":\"admin\",\"createTime\":\"2025-12-09 00:15:16\",\"dictType\":\"\",\"edit\":true,\"htmlType\":\"input\",\"increment\":false,\"insert\":true,\"isEdit\":\"1\",\"isIncrement\":\"0\",\"isInsert\":\"1\",\"isList\":\"1\",\"isPk\":','{\"msg\":\"操作成功\",\"code\":200}',0,NULL,'2025-12-09 00:18:41',13),(313,'代码生成',2,'com.ruoyi.generator.controller.GenController.editSave()','PUT',1,'admin','研发部门','/tool/gen','127.0.0.1','内网IP','{\"businessName\":\"map\",\"className\":\"BizStationAdminMap\",\"columns\":[{\"capJavaField\":\"StationId\",\"columnComment\":\"驿站ID\",\"columnId\":177,\"columnName\":\"station_id\",\"columnType\":\"bigint unsigned\",\"createBy\":\"admin\",\"createTime\":\"2025-12-09 00:15:16\",\"dictType\":\"\",\"edit\":false,\"increment\":false,\"insert\":true,\"isIncrement\":\"0\",\"isInsert\":\"1\",\"isPk\":\"1\",\"isRequired\":\"0\",\"javaField\":\"stationId\",\"javaType\":\"String\",\"list\":false,\"params\":{},\"pk\":true,\"query\":false,\"queryType\":\"EQ\",\"required\":false,\"sort\":1,\"superColumn\":false,\"tableId\":21,\"updateBy\":\"\",\"usableColumn\":false},{\"capJavaField\":\"AdminUserId\",\"columnComment\":\"管理员ID(sys_user)\",\"columnId\":178,\"columnName\":\"admin_user_id\",\"columnType\":\"bigint\",\"createBy\":\"admin\",\"createTime\":\"2025-12-09 00:15:16\",\"dictType\":\"\",\"edit\":false,\"htmlType\":\"input\",\"increment\":false,\"insert\":true,\"isIncrement\":\"0\",\"isInsert\":\"1\",\"isPk\":\"1\",\"isRequired\":\"0\",\"javaField\":\"adminUserId\",\"javaType\":\"Long\",\"list\":false,\"params\":{},\"pk\":true,\"query\":false,\"queryType\":\"EQ\",\"required\":false,\"sort\":2,\"superColumn\":false,\"tableId\":21,\"updateBy\":\"\",\"usableColumn\":false},{\"capJavaField\":\"RoleNote\",\"columnComment\":\"角色说明，例如站长/核验员\",\"columnId\":179,\"columnName\":\"role_note\",\"columnType\":\"varchar(100)\",\"createBy\":\"admin\",\"createTime\":\"2025-12-09 00:15:16\",\"dictType\":\"\",\"edit\":true,\"htmlType\":\"input\",\"increment\":false,\"insert\":true,\"isEdit\":\"1\",\"isIncrement\":\"0\",\"isInsert\":\"1\",\"isList\":\"1\",\"isPk\":\"0\",\"isQuery\":\"1\",\"isRequired\":\"0\",\"javaField\":\"roleNote\",\"javaType\":\"String\",\"list\":true,\"params\":{},\"pk\":false,\"query\":true,\"queryType\":\"EQ\",\"required\":false,\"sort\":3,\"superColumn\":false,\"tableId\":21,\"updateBy\":\"\",\"usableColumn\":false},{\"capJavaField\":\"AssignedAt\",\"columnComment\":\"分配时间\",\"columnId\":180,\"columnName\":\"assigned_at\",\"columnType\":\"datetime\",\"createBy\":\"admin\",\"createTime\":\"2025-12-09 00:15:16\",\"dictType\":\"\",\"edit\":true,\"htmlType\":\"datetime\",\"increment\":false,\"insert\":true,\"isEdit\":\"1\",\"isIncrement\":\"0\",\"isInsert\":\"1\",\"isList\":\"1\",\"isPk\":\"0\",\"isQuery\":\"1\",\"isReq','{\"msg\":\"操作成功\",\"code\":200}',0,NULL,'2025-12-09 00:18:50',19),(314,'代码生成',2,'com.ruoyi.generator.controller.GenController.editSave()','PUT',1,'admin','研发部门','/tool/gen','127.0.0.1','内网IP','{\"businessName\":\"map\",\"className\":\"BizStationAdminMap\",\"columns\":[{\"capJavaField\":\"StationId\",\"columnComment\":\"驿站ID\",\"columnId\":177,\"columnName\":\"station_id\",\"columnType\":\"bigint unsigned\",\"createBy\":\"admin\",\"createTime\":\"2025-12-09 00:15:16\",\"dictType\":\"\",\"edit\":false,\"increment\":false,\"insert\":true,\"isIncrement\":\"0\",\"isInsert\":\"1\",\"isPk\":\"1\",\"isRequired\":\"0\",\"javaField\":\"stationId\",\"javaType\":\"String\",\"list\":false,\"params\":{},\"pk\":true,\"query\":false,\"queryType\":\"EQ\",\"required\":false,\"sort\":1,\"superColumn\":false,\"tableId\":21,\"updateBy\":\"\",\"updateTime\":\"2025-12-09 00:18:50\",\"usableColumn\":false},{\"capJavaField\":\"AdminUserId\",\"columnComment\":\"管理员ID(sys_user)\",\"columnId\":178,\"columnName\":\"admin_user_id\",\"columnType\":\"bigint\",\"createBy\":\"admin\",\"createTime\":\"2025-12-09 00:15:16\",\"dictType\":\"\",\"edit\":false,\"htmlType\":\"input\",\"increment\":false,\"insert\":true,\"isIncrement\":\"0\",\"isInsert\":\"1\",\"isPk\":\"1\",\"isRequired\":\"0\",\"javaField\":\"adminUserId\",\"javaType\":\"Long\",\"list\":false,\"params\":{},\"pk\":true,\"query\":false,\"queryType\":\"EQ\",\"required\":false,\"sort\":2,\"superColumn\":false,\"tableId\":21,\"updateBy\":\"\",\"updateTime\":\"2025-12-09 00:18:50\",\"usableColumn\":false},{\"capJavaField\":\"RoleNote\",\"columnComment\":\"角色说明，例如站长/核验员\",\"columnId\":179,\"columnName\":\"role_note\",\"columnType\":\"varchar(100)\",\"createBy\":\"admin\",\"createTime\":\"2025-12-09 00:15:16\",\"dictType\":\"\",\"edit\":true,\"htmlType\":\"input\",\"increment\":false,\"insert\":true,\"isEdit\":\"1\",\"isIncrement\":\"0\",\"isInsert\":\"1\",\"isList\":\"1\",\"isPk\":\"0\",\"isQuery\":\"1\",\"isRequired\":\"0\",\"javaField\":\"roleNote\",\"javaType\":\"String\",\"list\":true,\"params\":{},\"pk\":false,\"query\":true,\"queryType\":\"EQ\",\"required\":false,\"sort\":3,\"superColumn\":false,\"tableId\":21,\"updateBy\":\"\",\"updateTime\":\"2025-12-09 00:18:50\",\"usableColumn\":false},{\"capJavaField\":\"AssignedAt\",\"columnComment\":\"分配时间\",\"columnId\":180,\"columnName\":\"assigned_at\",\"columnType\":\"datetime\",\"createBy\":\"admin\",\"createTime\":\"2025-12-09 00:15:16\",\"dictType\":\"\",\"edit\":true,\"htmlType\":\"datetime\",\"increment\":false','{\"msg\":\"操作成功\",\"code\":200}',0,NULL,'2025-12-09 00:18:58',7),(315,'代码生成',8,'com.ruoyi.generator.controller.GenController.batchGenCode()','GET',1,'admin','研发部门','/tool/gen/batchGenCode','127.0.0.1','内网IP','{\"tables\":\"biz_addr\"}',NULL,0,NULL,'2025-12-09 00:20:45',63),(316,'代码生成',8,'com.ruoyi.generator.controller.GenController.batchGenCode()','GET',1,'admin','研发部门','/tool/gen/batchGenCode','127.0.0.1','内网IP','{\"tables\":\"biz_client\"}',NULL,0,NULL,'2025-12-09 00:20:46',27),(317,'代码生成',8,'com.ruoyi.generator.controller.GenController.batchGenCode()','GET',1,'admin','研发部门','/tool/gen/batchGenCode','127.0.0.1','内网IP','{\"tables\":\"biz_pack\"}',NULL,0,NULL,'2025-12-09 00:20:48',33),(318,'代码生成',8,'com.ruoyi.generator.controller.GenController.batchGenCode()','GET',1,'admin','研发部门','/tool/gen/batchGenCode','127.0.0.1','内网IP','{\"tables\":\"biz_pack_flow\"}',NULL,0,NULL,'2025-12-09 00:20:49',31),(319,'代码生成',8,'com.ruoyi.generator.controller.GenController.batchGenCode()','GET',1,'admin','研发部门','/tool/gen/batchGenCode','127.0.0.1','内网IP','{\"tables\":\"biz_pack_rejection\"}',NULL,0,NULL,'2025-12-09 00:20:51',22),(320,'代码生成',8,'com.ruoyi.generator.controller.GenController.batchGenCode()','GET',1,'admin','研发部门','/tool/gen/batchGenCode','127.0.0.1','内网IP','{\"tables\":\"biz_pack_verify\"}',NULL,0,NULL,'2025-12-09 00:20:52',27),(321,'代码生成',8,'com.ruoyi.generator.controller.GenController.batchGenCode()','GET',1,'admin','研发部门','/tool/gen/batchGenCode','127.0.0.1','内网IP','{\"tables\":\"biz_station\"}',NULL,0,NULL,'2025-12-09 00:20:53',29),(322,'代码生成',8,'com.ruoyi.generator.controller.GenController.batchGenCode()','GET',1,'admin','研发部门','/tool/gen/batchGenCode','127.0.0.1','内网IP','{\"tables\":\"biz_station_admin_map\"}',NULL,0,NULL,'2025-12-09 00:20:54',19),(323,'代码生成',8,'com.ruoyi.generator.controller.GenController.batchGenCode()','GET',1,'admin','研发部门','/tool/gen/batchGenCode','127.0.0.1','内网IP','{\"tables\":\"stu_leave\"}',NULL,0,NULL,'2025-12-09 00:20:56',22),(324,'菜单管理',1,'com.ruoyi.web.controller.system.SysMenuController.add()','POST',1,'admin','研发部门','/system/menu','127.0.0.1','内网IP','{\"children\":[],\"createBy\":\"admin\",\"icon\":\"email\",\"isCache\":\"0\",\"isFrame\":\"1\",\"menuName\":\"包裹管理\",\"menuType\":\"C\",\"orderNum\":1,\"params\":{},\"parentId\":2024,\"path\":\"pack\",\"routeName\":\"Pack\",\"status\":\"0\",\"visible\":\"0\"}','{\"msg\":\"操作成功\",\"code\":200}',0,NULL,'2025-12-09 00:25:43',101),(325,'菜单管理',3,'com.ruoyi.web.controller.system.SysMenuController.remove()','DELETE',1,'admin','研发部门','/system/menu/2025','127.0.0.1','内网IP','2025','{\"msg\":\"操作成功\",\"code\":200}',0,NULL,'2025-12-09 00:26:04',15),(326,'菜单管理',2,'com.ruoyi.web.controller.system.SysMenuController.edit()','PUT',1,'admin','研发部门','/system/menu','127.0.0.1','内网IP','{\"children\":[],\"component\":\"business/pack/index\",\"createTime\":\"2025-12-09 00:25:43\",\"icon\":\"email\",\"isCache\":\"0\",\"isFrame\":\"1\",\"menuId\":2026,\"menuName\":\"包裹管理\",\"menuType\":\"C\",\"orderNum\":1,\"params\":{},\"parentId\":2024,\"path\":\"pack\",\"perms\":\"\",\"routeName\":\"Pack\",\"status\":\"0\",\"updateBy\":\"admin\",\"visible\":\"0\"}','{\"msg\":\"操作成功\",\"code\":200}',0,NULL,'2025-12-09 00:28:54',9),(327,'菜单管理',2,'com.ruoyi.web.controller.system.SysMenuController.edit()','PUT',1,'admin','研发部门','/system/menu','127.0.0.1','内网IP','{\"children\":[],\"createTime\":\"2025-12-09 00:16:40\",\"icon\":\"bug\",\"isCache\":\"0\",\"isFrame\":\"1\",\"menuId\":2024,\"menuName\":\"业务管理\",\"menuType\":\"M\",\"orderNum\":0,\"params\":{},\"parentId\":0,\"path\":\"business\",\"perms\":\"\",\"routeName\":\"\",\"status\":\"0\",\"updateBy\":\"admin\",\"visible\":\"0\"}','{\"msg\":\"操作成功\",\"code\":200}',0,NULL,'2025-12-09 00:37:25',26),(328,'菜单管理',2,'com.ruoyi.web.controller.system.SysMenuController.edit()','PUT',1,'admin','研发部门','/system/menu','127.0.0.1','内网IP','{\"children\":[],\"component\":\"business/pack/index\",\"createTime\":\"2025-12-09 00:25:43\",\"icon\":\"email\",\"isCache\":\"0\",\"isFrame\":\"1\",\"menuId\":2026,\"menuName\":\"包裹管理\",\"menuType\":\"C\",\"orderNum\":1,\"params\":{},\"parentId\":2024,\"path\":\"pack\",\"perms\":\"business:pack:list\",\"routeName\":\"Pack\",\"status\":\"0\",\"updateBy\":\"admin\",\"visible\":\"0\"}','{\"msg\":\"操作成功\",\"code\":200}',0,NULL,'2025-12-09 00:42:53',18),(329,'角色管理',2,'com.ruoyi.web.controller.system.SysRoleController.edit()','PUT',1,'admin','研发部门','/system/role','127.0.0.1','内网IP','{\"admin\":false,\"createTime\":\"2025-07-17 13:14:49\",\"dataScope\":\"5\",\"delFlag\":\"0\",\"deptCheckStrictly\":true,\"flag\":false,\"menuCheckStrictly\":true,\"menuIds\":[1,2018,2019,2020,2000,2001,2002,2003,2004,2005],\"params\":{},\"roleId\":101,\"roleKey\":\"station_admin\",\"roleName\":\"驿站管理员\",\"roleSort\":3,\"status\":\"0\",\"updateBy\":\"admin\"}','{\"msg\":\"操作成功\",\"code\":200}',0,NULL,'2025-12-09 08:04:00',55),(330,'角色管理',2,'com.ruoyi.web.controller.system.SysRoleController.changeStatus()','PUT',1,'admin','研发部门','/system/role/changeStatus','127.0.0.1','内网IP','{\"admin\":false,\"deptCheckStrictly\":false,\"flag\":false,\"menuCheckStrictly\":false,\"params\":{},\"roleId\":102,\"status\":\"1\",\"updateBy\":\"admin\"}','{\"msg\":\"操作成功\",\"code\":200}',0,NULL,'2025-12-09 08:04:07',9),(331,'菜单管理',1,'com.ruoyi.web.controller.system.SysMenuController.add()','POST',1,'admin','研发部门','/system/menu','127.0.0.1','内网IP','{\"children\":[],\"component\":\"business/client/index\",\"createBy\":\"admin\",\"icon\":\"people\",\"isCache\":\"0\",\"isFrame\":\"1\",\"menuName\":\"用户管理\",\"menuType\":\"C\",\"orderNum\":1,\"params\":{},\"parentId\":2024,\"path\":\"client\",\"routeName\":\"Client\",\"status\":\"0\",\"visible\":\"0\"}','{\"msg\":\"操作成功\",\"code\":200}',0,NULL,'2025-12-09 08:05:42',24),(332,'菜单管理',2,'com.ruoyi.web.controller.system.SysMenuController.edit()','PUT',1,'admin','研发部门','/system/menu','127.0.0.1','内网IP','{\"children\":[],\"component\":\"business/pack/index\",\"createTime\":\"2025-12-09 00:25:43\",\"icon\":\"email\",\"isCache\":\"0\",\"isFrame\":\"1\",\"menuId\":2026,\"menuName\":\"包裹管理\",\"menuType\":\"C\",\"orderNum\":2,\"params\":{},\"parentId\":2024,\"path\":\"pack\",\"perms\":\"business:pack:list\",\"routeName\":\"Pack\",\"status\":\"0\",\"updateBy\":\"admin\",\"visible\":\"0\"}','{\"msg\":\"操作成功\",\"code\":200}',0,NULL,'2025-12-09 08:05:52',58),(333,'菜单管理',2,'com.ruoyi.web.controller.system.SysMenuController.edit()','PUT',1,'admin','研发部门','/system/menu','127.0.0.1','内网IP','{\"children\":[],\"component\":\"business/client/index\",\"createTime\":\"2025-12-09 08:05:42\",\"icon\":\"people\",\"isCache\":\"0\",\"isFrame\":\"1\",\"menuId\":2027,\"menuName\":\"用户管理\",\"menuType\":\"C\",\"orderNum\":1,\"params\":{},\"parentId\":2024,\"path\":\"client\",\"perms\":\"business:client:list\",\"query\":\"\",\"routeName\":\"Client\",\"status\":\"0\",\"updateBy\":\"admin\",\"visible\":\"0\"}','{\"msg\":\"操作成功\",\"code\":200}',0,NULL,'2025-12-09 08:06:06',22),(334,'菜单管理',1,'com.ruoyi.web.controller.system.SysMenuController.add()','POST',1,'admin','研发部门','/system/menu','127.0.0.1','内网IP','{\"children\":[],\"component\":\"business/station/index\",\"createBy\":\"admin\",\"icon\":\"shopping\",\"isCache\":\"0\",\"isFrame\":\"1\",\"menuName\":\"驿站管理\",\"menuType\":\"C\",\"orderNum\":3,\"params\":{},\"parentId\":2024,\"path\":\"station\",\"perms\":\"business:station:list\",\"routeName\":\"Station\",\"status\":\"0\",\"visible\":\"0\"}','{\"msg\":\"操作成功\",\"code\":200}',0,NULL,'2025-12-09 08:07:58',58),(335,'业务用户',1,'com.ruoyi.business.controller.BizClientController.add()','POST',1,'admin','研发部门','/business/client','127.0.0.1','内网IP','{\"clientId\":\"1\",\"clientName\":\"危祎\",\"clientTel\":\"15951517099\",\"createdAt\":\"2025-12-09\",\"params\":{},\"updatedAt\":\"2025-12-09\"}','{\"msg\":\"操作成功\",\"code\":200}',0,NULL,'2025-12-09 08:10:16',59),(336,'业务用户',2,'com.ruoyi.business.controller.BizClientController.edit()','PUT',1,'admin','研发部门','/business/client','127.0.0.1','内网IP','{\"clientId\":\"1\",\"clientName\":\"危祎\",\"clientStatus\":\"正常\",\"clientTel\":\"15951517099\",\"createdAt\":\"2025-12-02\",\"params\":{},\"updatedAt\":\"2025-12-09\"}','{\"msg\":\"操作成功\",\"code\":200}',0,NULL,'2025-12-09 08:10:35',47),(337,'包裹表',1,'com.ruoyi.business.controller.BizPackController.add()','POST',1,'admin','研发部门','/business/pack','127.0.0.1','内网IP','{\"createdAt\":\"2025-12-02\",\"isDangerous\":1,\"isFragile\":1,\"isUrgent\":1,\"params\":{},\"receiverAddrDetail\":\"海思路\",\"receiverCity\":\"上海市\",\"receiverDist\":\"奉贤区\",\"receiverName\":\"危祎\",\"receiverProv\":\"上海市\",\"receiverTel\":\"15951517099\",\"senderAddrDetail\":\"桂林路100号\",\"senderCity\":\"上海市\",\"senderDist\":\"徐汇区\",\"senderProv\":\"上海市\",\"updatedAt\":\"2025-12-09\",\"volume\":100,\"weight\":100}',NULL,1,'\r\n### Error updating database.  Cause: java.sql.SQLException: Field \'sender_id\' doesn\'t have a default value\r\n### The error may exist in file [F:\\JavaProject\\YiDuan\\ruoyi-business\\target\\classes\\mapper\\business\\BizPackMapper.xml]\r\n### The error may involve com.ruoyi.business.mapper.BizPackMapper.insertBizPack-Inline\r\n### The error occurred while setting parameters\r\n### SQL: insert into biz_pack          ( sender_prov,             sender_city,             sender_dist,             sender_addr_detail,                          receiver_name,             receiver_tel,             receiver_prov,             receiver_city,             receiver_dist,             receiver_addr_detail,             weight,             volume,                          is_dangerous,             is_fragile,             is_urgent,                                       created_at,             updated_at )           values ( ?,             ?,             ?,             ?,                          ?,             ?,             ?,             ?,             ?,             ?,             ?,             ?,                          ?,             ?,             ?,                                       ?,             ? )\r\n### Cause: java.sql.SQLException: Field \'sender_id\' doesn\'t have a default value\n; Field \'sender_id\' doesn\'t have a default value; nested exception is java.sql.SQLException: Field \'sender_id\' doesn\'t have a default value','2025-12-09 08:27:13',309),(338,'包裹表',1,'com.ruoyi.business.controller.BizPackController.add()','POST',1,'admin','研发部门','/business/pack','127.0.0.1','内网IP','{\"createdAt\":\"2025-12-02\",\"isDangerous\":1,\"isFragile\":1,\"isUrgent\":1,\"params\":{},\"receiverAddrDetail\":\"海思路\",\"receiverCity\":\"上海市\",\"receiverDist\":\"奉贤区\",\"receiverName\":\"危祎\",\"receiverProv\":\"上海市\",\"receiverTel\":\"15951517099\",\"senderAddrDetail\":\"桂林路100号\",\"senderCity\":\"上海市\",\"senderDist\":\"徐汇区\",\"senderProv\":\"上海市\",\"updatedAt\":\"2025-12-09\",\"volume\":100,\"weight\":100}',NULL,1,'\r\n### Error updating database.  Cause: java.sql.SQLException: Field \'sender_id\' doesn\'t have a default value\r\n### The error may exist in file [F:\\JavaProject\\YiDuan\\ruoyi-business\\target\\classes\\mapper\\business\\BizPackMapper.xml]\r\n### The error may involve com.ruoyi.business.mapper.BizPackMapper.insertBizPack-Inline\r\n### The error occurred while setting parameters\r\n### SQL: insert into biz_pack          ( sender_prov,             sender_city,             sender_dist,             sender_addr_detail,                          receiver_name,             receiver_tel,             receiver_prov,             receiver_city,             receiver_dist,             receiver_addr_detail,             weight,             volume,                          is_dangerous,             is_fragile,             is_urgent,                                       created_at,             updated_at )           values ( ?,             ?,             ?,             ?,                          ?,             ?,             ?,             ?,             ?,             ?,             ?,             ?,                          ?,             ?,             ?,                                       ?,             ? )\r\n### Cause: java.sql.SQLException: Field \'sender_id\' doesn\'t have a default value\n; Field \'sender_id\' doesn\'t have a default value; nested exception is java.sql.SQLException: Field \'sender_id\' doesn\'t have a default value','2025-12-09 08:27:18',11),(339,'包裹表',1,'com.ruoyi.business.controller.BizPackController.add()','POST',1,'admin','研发部门','/business/pack','127.0.0.1','内网IP','{\"createdAt\":\"2025-12-02\",\"isDangerous\":1,\"isFragile\":1,\"isUrgent\":1,\"params\":{},\"receiverAddrDetail\":\"海思路\",\"receiverCity\":\"上海市\",\"receiverDist\":\"奉贤区\",\"receiverName\":\"危祎\",\"receiverProv\":\"上海市\",\"receiverTel\":\"15951517099\",\"senderAddrDetail\":\"桂林路100号\",\"senderCity\":\"上海市\",\"senderDist\":\"徐汇区\",\"senderProv\":\"上海市\",\"updatedAt\":\"2025-12-09\",\"volume\":100,\"weight\":100}',NULL,1,'\r\n### Error updating database.  Cause: java.sql.SQLException: Field \'sender_id\' doesn\'t have a default value\r\n### The error may exist in file [F:\\JavaProject\\YiDuan\\ruoyi-business\\target\\classes\\mapper\\business\\BizPackMapper.xml]\r\n### The error may involve com.ruoyi.business.mapper.BizPackMapper.insertBizPack-Inline\r\n### The error occurred while setting parameters\r\n### SQL: insert into biz_pack          ( sender_prov,             sender_city,             sender_dist,             sender_addr_detail,                          receiver_name,             receiver_tel,             receiver_prov,             receiver_city,             receiver_dist,             receiver_addr_detail,             weight,             volume,                          is_dangerous,             is_fragile,             is_urgent,                                       created_at,             updated_at )           values ( ?,             ?,             ?,             ?,                          ?,             ?,             ?,             ?,             ?,             ?,             ?,             ?,                          ?,             ?,             ?,                                       ?,             ? )\r\n### Cause: java.sql.SQLException: Field \'sender_id\' doesn\'t have a default value\n; Field \'sender_id\' doesn\'t have a default value; nested exception is java.sql.SQLException: Field \'sender_id\' doesn\'t have a default value','2025-12-09 08:27:39',7),(340,'包裹表',1,'com.ruoyi.business.controller.BizPackController.add()','POST',1,'admin','研发部门','/business/pack','127.0.0.1','内网IP','{\"createdAt\":\"2025-12-02\",\"isDangerous\":1,\"isFragile\":1,\"isUrgent\":1,\"params\":{},\"receiverAddrDetail\":\"海思路\",\"receiverCity\":\"上海市\",\"receiverDist\":\"奉贤区\",\"receiverName\":\"危祎\",\"receiverProv\":\"上海市\",\"receiverTel\":\"15951517099\",\"senderAddrDetail\":\"桂林路100号\",\"senderCity\":\"上海市\",\"senderDist\":\"徐汇区\",\"senderProv\":\"上海市\",\"updatedAt\":\"2025-12-09\",\"volume\":100,\"weight\":100}',NULL,1,'\r\n### Error updating database.  Cause: java.sql.SQLException: Field \'sender_id\' doesn\'t have a default value\r\n### The error may exist in file [F:\\JavaProject\\YiDuan\\ruoyi-business\\target\\classes\\mapper\\business\\BizPackMapper.xml]\r\n### The error may involve com.ruoyi.business.mapper.BizPackMapper.insertBizPack-Inline\r\n### The error occurred while setting parameters\r\n### SQL: insert into biz_pack          ( sender_prov,             sender_city,             sender_dist,             sender_addr_detail,                          receiver_name,             receiver_tel,             receiver_prov,             receiver_city,             receiver_dist,             receiver_addr_detail,             weight,             volume,                          is_dangerous,             is_fragile,             is_urgent,                                       created_at,             updated_at )           values ( ?,             ?,             ?,             ?,                          ?,             ?,             ?,             ?,             ?,             ?,             ?,             ?,                          ?,             ?,             ?,                                       ?,             ? )\r\n### Cause: java.sql.SQLException: Field \'sender_id\' doesn\'t have a default value\n; Field \'sender_id\' doesn\'t have a default value; nested exception is java.sql.SQLException: Field \'sender_id\' doesn\'t have a default value','2025-12-09 08:27:44',11),(341,'包裹表',1,'com.ruoyi.business.controller.BizPackController.add()','POST',1,'admin','研发部门','/business/pack','127.0.0.1','内网IP','{\"createdAt\":\"2025-12-02\",\"isDangerous\":1,\"isFragile\":1,\"isUrgent\":1,\"params\":{},\"receiverAddrDetail\":\"海思路\",\"receiverCity\":\"上海市\",\"receiverDist\":\"奉贤区\",\"receiverName\":\"危祎\",\"receiverProv\":\"上海市\",\"receiverTel\":\"15951517099\",\"senderAddrDetail\":\"桂林路100号\",\"senderCity\":\"上海市\",\"senderDist\":\"徐汇区\",\"senderProv\":\"上海市\",\"updatedAt\":\"2025-12-09\",\"volume\":100,\"weight\":100}',NULL,1,'\r\n### Error updating database.  Cause: java.sql.SQLException: Field \'sender_id\' doesn\'t have a default value\r\n### The error may exist in file [F:\\JavaProject\\YiDuan\\ruoyi-business\\target\\classes\\mapper\\business\\BizPackMapper.xml]\r\n### The error may involve com.ruoyi.business.mapper.BizPackMapper.insertBizPack-Inline\r\n### The error occurred while setting parameters\r\n### SQL: insert into biz_pack          ( sender_prov,             sender_city,             sender_dist,             sender_addr_detail,                          receiver_name,             receiver_tel,             receiver_prov,             receiver_city,             receiver_dist,             receiver_addr_detail,             weight,             volume,                          is_dangerous,             is_fragile,             is_urgent,                                       created_at,             updated_at )           values ( ?,             ?,             ?,             ?,                          ?,             ?,             ?,             ?,             ?,             ?,             ?,             ?,                          ?,             ?,             ?,                                       ?,             ? )\r\n### Cause: java.sql.SQLException: Field \'sender_id\' doesn\'t have a default value\n; Field \'sender_id\' doesn\'t have a default value; nested exception is java.sql.SQLException: Field \'sender_id\' doesn\'t have a default value','2025-12-09 08:27:49',8),(342,'包裹表',1,'com.ruoyi.business.controller.BizPackController.add()','POST',1,'admin','研发部门','/business/pack','127.0.0.1','内网IP','{\"createdAt\":\"2025-12-02\",\"isDangerous\":1,\"isFragile\":1,\"isUrgent\":1,\"params\":{},\"receiverAddrDetail\":\"海思路\",\"receiverCity\":\"上海市\",\"receiverDist\":\"奉贤区\",\"receiverName\":\"危祎\",\"receiverProv\":\"上海市\",\"receiverTel\":\"15951517099\",\"senderAddrDetail\":\"桂林路100号\",\"senderCity\":\"上海市\",\"senderDist\":\"徐汇区\",\"senderProv\":\"上海市\",\"updatedAt\":\"2025-12-09\",\"volume\":100,\"weight\":100}',NULL,1,'\r\n### Error updating database.  Cause: java.sql.SQLException: Field \'sender_id\' doesn\'t have a default value\r\n### The error may exist in file [F:\\JavaProject\\YiDuan\\ruoyi-business\\target\\classes\\mapper\\business\\BizPackMapper.xml]\r\n### The error may involve com.ruoyi.business.mapper.BizPackMapper.insertBizPack-Inline\r\n### The error occurred while setting parameters\r\n### SQL: insert into biz_pack          ( sender_prov,             sender_city,             sender_dist,             sender_addr_detail,                          receiver_name,             receiver_tel,             receiver_prov,             receiver_city,             receiver_dist,             receiver_addr_detail,             weight,             volume,                          is_dangerous,             is_fragile,             is_urgent,                                       created_at,             updated_at )           values ( ?,             ?,             ?,             ?,                          ?,             ?,             ?,             ?,             ?,             ?,             ?,             ?,                          ?,             ?,             ?,                                       ?,             ? )\r\n### Cause: java.sql.SQLException: Field \'sender_id\' doesn\'t have a default value\n; Field \'sender_id\' doesn\'t have a default value; nested exception is java.sql.SQLException: Field \'sender_id\' doesn\'t have a default value','2025-12-09 08:30:48',9),(343,'用户管理',2,'com.ruoyi.web.controller.system.SysUserController.edit()','PUT',1,'admin','研发部门','/system/user','127.0.0.1','内网IP','{\"admin\":true,\"avatar\":\"\",\"createBy\":\"admin\",\"createTime\":\"2025-07-15 13:50:54\",\"delFlag\":\"0\",\"dept\":{\"ancestors\":\"0,100,101\",\"children\":[],\"deptId\":103,\"deptName\":\"研发部门\",\"leader\":\"若依\",\"orderNum\":1,\"params\":{},\"parentId\":101,\"status\":\"0\"},\"email\":\"xxx@gmail.com\",\"loginDate\":\"2025-12-10 14:13:17\",\"loginIp\":\"127.0.0.1\",\"nickName\":\"危祎\",\"params\":{},\"phonenumber\":\"15951517099\",\"postIds\":[1],\"pwdUpdateDate\":\"2025-07-15 13:50:54\",\"remark\":\"管理员\",\"roleIds\":[1],\"roles\":[{\"admin\":true,\"dataScope\":\"1\",\"deptCheckStrictly\":false,\"flag\":false,\"menuCheckStrictly\":false,\"params\":{},\"roleId\":1,\"roleKey\":\"admin\",\"roleName\":\"超级管理员\",\"roleSort\":1,\"status\":\"0\"}],\"sex\":\"0\",\"status\":\"0\",\"userId\":1,\"userName\":\"admin\"}',NULL,1,'不允许操作超级管理员用户','2025-12-10 14:14:34',6),(344,'用户管理',2,'com.ruoyi.web.controller.system.SysUserController.edit()','PUT',1,'admin','研发部门','/system/user','127.0.0.1','内网IP','{\"admin\":false,\"avatar\":\"\",\"createBy\":\"admin\",\"createTime\":\"2025-07-17 14:28:51\",\"delFlag\":\"0\",\"email\":\"\",\"loginDate\":\"2025-07-17 14:32:02\",\"loginIp\":\"127.0.0.1\",\"nickName\":\"驿站管理员张三\",\"params\":{},\"phonenumber\":\"\",\"postIds\":[],\"roleIds\":[101],\"roles\":[{\"admin\":false,\"dataScope\":\"5\",\"deptCheckStrictly\":false,\"flag\":false,\"menuCheckStrictly\":false,\"params\":{},\"roleId\":101,\"roleKey\":\"station_admin\",\"roleName\":\"驿站管理员\",\"roleSort\":3,\"status\":\"0\"}],\"sex\":\"0\",\"status\":\"0\",\"updateBy\":\"admin\",\"userId\":101,\"userName\":\"张三\"}','{\"msg\":\"操作成功\",\"code\":200}',0,NULL,'2025-12-10 14:15:10',46),(345,'驿站信息',1,'com.ruoyi.business.controller.BizStationController.add()','POST',1,'admin','研发部门','/business/station','127.0.0.1','内网IP','{\"contactUserId\":1,\"createdAt\":\"2025-12-15\",\"params\":{},\"stationAddr\":\"1\",\"stationCity\":\"1\",\"stationDist\":\"1\",\"stationId\":\"1\",\"stationName\":\"1\",\"stationProv\":\"1\",\"tel\":\"1\",\"updatedAt\":\"2025-12-15\"}','{\"msg\":\"操作成功\",\"code\":200}',0,NULL,'2025-12-15 14:56:26',13),(346,'菜单管理',2,'com.ruoyi.web.controller.system.SysMenuController.edit()','PUT',1,'admin','研发部门','/system/menu','127.0.0.1','内网IP','{\"children\":[],\"component\":\"system/student/index\",\"createTime\":\"2025-07-15 15:15:09\",\"icon\":\"people\",\"isCache\":\"0\",\"isFrame\":\"1\",\"menuId\":2000,\"menuName\":\"学生信息\",\"menuType\":\"C\",\"orderNum\":1,\"params\":{},\"parentId\":1,\"path\":\"student\",\"perms\":\"system:student:list\",\"routeName\":\"\",\"status\":\"1\",\"updateBy\":\"admin\",\"visible\":\"0\"}','{\"msg\":\"操作成功\",\"code\":200}',0,NULL,'2025-12-15 14:58:39',20),(347,'菜单管理',2,'com.ruoyi.web.controller.system.SysMenuController.edit()','PUT',1,'admin','研发部门','/system/menu','127.0.0.1','内网IP','{\"children\":[],\"createTime\":\"2025-12-09 00:16:40\",\"icon\":\"bug\",\"isCache\":\"0\",\"isFrame\":\"1\",\"menuId\":2024,\"menuName\":\"超级管理员\",\"menuType\":\"M\",\"orderNum\":0,\"params\":{},\"parentId\":0,\"path\":\"business\",\"perms\":\"\",\"routeName\":\"\",\"status\":\"0\",\"updateBy\":\"admin\",\"visible\":\"0\"}','{\"msg\":\"操作成功\",\"code\":200}',0,NULL,'2025-12-15 14:59:21',9),(348,'菜单管理',1,'com.ruoyi.web.controller.system.SysMenuController.add()','POST',1,'admin','研发部门','/system/menu','127.0.0.1','内网IP','{\"children\":[],\"createBy\":\"admin\",\"icon\":\"bug\",\"isCache\":\"0\",\"isFrame\":\"1\",\"menuName\":\"驿站管理员\",\"menuType\":\"M\",\"orderNum\":1,\"params\":{},\"parentId\":0,\"path\":\"1\",\"status\":\"0\",\"visible\":\"0\"}','{\"msg\":\"操作成功\",\"code\":200}',0,NULL,'2025-12-15 15:00:02',19),(349,'菜单管理',2,'com.ruoyi.web.controller.system.SysMenuController.edit()','PUT',1,'admin','研发部门','/system/menu','127.0.0.1','内网IP','{\"children\":[],\"createTime\":\"2025-12-09 00:16:40\",\"icon\":\"bug\",\"isCache\":\"0\",\"isFrame\":\"1\",\"menuId\":2024,\"menuName\":\"超级管理员\",\"menuType\":\"M\",\"orderNum\":0,\"params\":{},\"parentId\":0,\"path\":\"sysadmin\",\"perms\":\"\",\"routeName\":\"\",\"status\":\"0\",\"updateBy\":\"admin\",\"visible\":\"0\"}','{\"msg\":\"操作成功\",\"code\":200}',0,NULL,'2025-12-15 15:00:31',7),(350,'菜单管理',1,'com.ruoyi.web.controller.system.SysMenuController.add()','POST',1,'admin','研发部门','/system/menu','127.0.0.1','内网IP','{\"children\":[],\"createBy\":\"admin\",\"icon\":\"bug\",\"isCache\":\"0\",\"isFrame\":\"1\",\"menuName\":\"收件人\",\"menuType\":\"M\",\"orderNum\":2,\"params\":{},\"parentId\":0,\"path\":\"receive\",\"status\":\"0\",\"visible\":\"0\"}','{\"msg\":\"操作成功\",\"code\":200}',0,NULL,'2025-12-15 15:01:27',7),(351,'菜单管理',1,'com.ruoyi.web.controller.system.SysMenuController.add()','POST',1,'admin','研发部门','/system/menu','127.0.0.1','内网IP','{\"children\":[],\"createBy\":\"admin\",\"icon\":\"bug\",\"isCache\":\"0\",\"isFrame\":\"1\",\"menuName\":\"寄件人\",\"menuType\":\"M\",\"orderNum\":3,\"params\":{},\"parentId\":0,\"path\":\"senter\",\"status\":\"0\",\"visible\":\"0\"}','{\"msg\":\"操作成功\",\"code\":200}',0,NULL,'2025-12-15 15:01:48',22),(352,'菜单管理',2,'com.ruoyi.web.controller.system.SysMenuController.edit()','PUT',1,'admin','研发部门','/system/menu','127.0.0.1','内网IP','{\"children\":[],\"createTime\":\"2025-12-15 15:01:27\",\"icon\":\"bug\",\"isCache\":\"0\",\"isFrame\":\"1\",\"menuId\":2030,\"menuName\":\"收件人\",\"menuType\":\"M\",\"orderNum\":2,\"params\":{},\"parentId\":0,\"path\":\"receiver\",\"perms\":\"\",\"routeName\":\"\",\"status\":\"0\",\"updateBy\":\"admin\",\"visible\":\"0\"}','{\"msg\":\"操作成功\",\"code\":200}',0,NULL,'2025-12-15 15:01:52',10),(353,'菜单管理',2,'com.ruoyi.web.controller.system.SysMenuController.edit()','PUT',1,'admin','研发部门','/system/menu','127.0.0.1','内网IP','{\"children\":[],\"createTime\":\"2025-12-15 15:00:02\",\"icon\":\"bug\",\"isCache\":\"0\",\"isFrame\":\"1\",\"menuId\":2029,\"menuName\":\"驿站管理员\",\"menuType\":\"M\",\"orderNum\":1,\"params\":{},\"parentId\":0,\"path\":\"station_admin\",\"perms\":\"\",\"routeName\":\"\",\"status\":\"0\",\"updateBy\":\"admin\",\"visible\":\"0\"}','{\"msg\":\"操作成功\",\"code\":200}',0,NULL,'2025-12-15 15:02:04',7),(354,'菜单管理',2,'com.ruoyi.web.controller.system.SysMenuController.edit()','PUT',1,'admin','研发部门','/system/menu','127.0.0.1','内网IP','{\"children\":[],\"createTime\":\"2025-12-09 00:16:40\",\"icon\":\"bug\",\"isCache\":\"0\",\"isFrame\":\"1\",\"menuId\":2024,\"menuName\":\"超级管理员\",\"menuType\":\"M\",\"orderNum\":0,\"params\":{},\"parentId\":0,\"path\":\"sys_admin\",\"perms\":\"\",\"routeName\":\"\",\"status\":\"0\",\"updateBy\":\"admin\",\"visible\":\"0\"}','{\"msg\":\"操作成功\",\"code\":200}',0,NULL,'2025-12-15 15:02:11',11),(355,'菜单管理',2,'com.ruoyi.web.controller.system.SysMenuController.edit()','PUT',1,'admin','研发部门','/system/menu','127.0.0.1','内网IP','{\"children\":[],\"createTime\":\"2025-07-15 13:50:54\",\"icon\":\"system\",\"isCache\":\"0\",\"isFrame\":\"1\",\"menuId\":1,\"menuName\":\"系统管理\",\"menuType\":\"M\",\"orderNum\":4,\"params\":{},\"parentId\":0,\"path\":\"system\",\"perms\":\"\",\"query\":\"\",\"routeName\":\"\",\"status\":\"0\",\"updateBy\":\"admin\",\"visible\":\"0\"}','{\"msg\":\"操作成功\",\"code\":200}',0,NULL,'2025-12-15 15:02:22',7),(356,'菜单管理',2,'com.ruoyi.web.controller.system.SysMenuController.edit()','PUT',1,'admin','研发部门','/system/menu','127.0.0.1','内网IP','{\"children\":[],\"createTime\":\"2025-07-15 13:50:54\",\"icon\":\"monitor\",\"isCache\":\"0\",\"isFrame\":\"1\",\"menuId\":2,\"menuName\":\"系统监控\",\"menuType\":\"M\",\"orderNum\":5,\"params\":{},\"parentId\":0,\"path\":\"monitor\",\"perms\":\"\",\"query\":\"\",\"routeName\":\"\",\"status\":\"0\",\"updateBy\":\"admin\",\"visible\":\"0\"}','{\"msg\":\"操作成功\",\"code\":200}',0,NULL,'2025-12-15 15:02:26',7),(357,'菜单管理',2,'com.ruoyi.web.controller.system.SysMenuController.edit()','PUT',1,'admin','研发部门','/system/menu','127.0.0.1','内网IP','{\"children\":[],\"createTime\":\"2025-12-15 15:01:48\",\"icon\":\"bug\",\"isCache\":\"0\",\"isFrame\":\"1\",\"menuId\":2031,\"menuName\":\"寄件人\",\"menuType\":\"M\",\"orderNum\":4,\"params\":{},\"parentId\":0,\"path\":\"senter\",\"perms\":\"\",\"routeName\":\"\",\"status\":\"0\",\"updateBy\":\"admin\",\"visible\":\"0\"}','{\"msg\":\"操作成功\",\"code\":200}',0,NULL,'2025-12-15 15:02:34',6),(358,'菜单管理',2,'com.ruoyi.web.controller.system.SysMenuController.edit()','PUT',1,'admin','研发部门','/system/menu','127.0.0.1','内网IP','{\"children\":[],\"createTime\":\"2025-07-15 13:50:54\",\"icon\":\"guide\",\"isCache\":\"0\",\"isFrame\":\"0\",\"menuId\":4,\"menuName\":\"工作文档\",\"menuType\":\"M\",\"orderNum\":5,\"params\":{},\"parentId\":0,\"path\":\"https://vcnfzvrvujwh.feishu.cn/wiki/Hj36wCdGJiB2i2kUIBwcZsbJnmh\",\"perms\":\"\",\"query\":\"\",\"routeName\":\"\",\"status\":\"0\",\"updateBy\":\"admin\",\"visible\":\"0\"}','{\"msg\":\"操作成功\",\"code\":200}',0,NULL,'2025-12-15 15:02:42',6),(359,'菜单管理',2,'com.ruoyi.web.controller.system.SysMenuController.edit()','PUT',1,'admin','研发部门','/system/menu','127.0.0.1','内网IP','{\"children\":[],\"createTime\":\"2025-12-15 15:01:48\",\"icon\":\"bug\",\"isCache\":\"0\",\"isFrame\":\"1\",\"menuId\":2031,\"menuName\":\"寄件人\",\"menuType\":\"M\",\"orderNum\":3,\"params\":{},\"parentId\":0,\"path\":\"senter\",\"perms\":\"\",\"routeName\":\"\",\"status\":\"0\",\"updateBy\":\"admin\",\"visible\":\"0\"}','{\"msg\":\"操作成功\",\"code\":200}',0,NULL,'2025-12-15 15:02:56',7),(360,'菜单管理',2,'com.ruoyi.web.controller.system.SysMenuController.edit()','PUT',1,'admin','研发部门','/system/menu','127.0.0.1','内网IP','{\"children\":[],\"createTime\":\"2025-07-15 13:50:54\",\"icon\":\"tool\",\"isCache\":\"0\",\"isFrame\":\"1\",\"menuId\":3,\"menuName\":\"系统工具\",\"menuType\":\"M\",\"orderNum\":11,\"params\":{},\"parentId\":0,\"path\":\"tool\",\"perms\":\"\",\"query\":\"\",\"routeName\":\"\",\"status\":\"0\",\"updateBy\":\"admin\",\"visible\":\"0\"}','{\"msg\":\"操作成功\",\"code\":200}',0,NULL,'2025-12-15 15:03:09',7),(361,'菜单管理',2,'com.ruoyi.web.controller.system.SysMenuController.edit()','PUT',1,'admin','研发部门','/system/menu','127.0.0.1','内网IP','{\"children\":[],\"createTime\":\"2025-07-15 13:50:54\",\"icon\":\"system\",\"isCache\":\"0\",\"isFrame\":\"1\",\"menuId\":1,\"menuName\":\"系统管理\",\"menuType\":\"M\",\"orderNum\":12,\"params\":{},\"parentId\":0,\"path\":\"system\",\"perms\":\"\",\"query\":\"\",\"routeName\":\"\",\"status\":\"0\",\"updateBy\":\"admin\",\"visible\":\"0\"}','{\"msg\":\"操作成功\",\"code\":200}',0,NULL,'2025-12-15 15:03:15',12),(362,'菜单管理',2,'com.ruoyi.web.controller.system.SysMenuController.edit()','PUT',1,'admin','研发部门','/system/menu','127.0.0.1','内网IP','{\"children\":[],\"createTime\":\"2025-07-15 13:50:54\",\"icon\":\"monitor\",\"isCache\":\"0\",\"isFrame\":\"1\",\"menuId\":2,\"menuName\":\"系统监控\",\"menuType\":\"M\",\"orderNum\":13,\"params\":{},\"parentId\":0,\"path\":\"monitor\",\"perms\":\"\",\"query\":\"\",\"routeName\":\"\",\"status\":\"0\",\"updateBy\":\"admin\",\"visible\":\"0\"}','{\"msg\":\"操作成功\",\"code\":200}',0,NULL,'2025-12-15 15:03:21',5),(363,'菜单管理',2,'com.ruoyi.web.controller.system.SysMenuController.edit()','PUT',1,'admin','研发部门','/system/menu','127.0.0.1','内网IP','{\"children\":[],\"createTime\":\"2025-07-15 13:50:54\",\"icon\":\"guide\",\"isCache\":\"0\",\"isFrame\":\"0\",\"menuId\":4,\"menuName\":\"工作文档\",\"menuType\":\"M\",\"orderNum\":99,\"params\":{},\"parentId\":0,\"path\":\"https://vcnfzvrvujwh.feishu.cn/wiki/Hj36wCdGJiB2i2kUIBwcZsbJnmh\",\"perms\":\"\",\"query\":\"\",\"routeName\":\"\",\"status\":\"0\",\"updateBy\":\"admin\",\"visible\":\"0\"}','{\"msg\":\"操作成功\",\"code\":200}',0,NULL,'2025-12-15 15:03:27',5),(364,'菜单管理',2,'com.ruoyi.web.controller.system.SysMenuController.edit()','PUT',1,'admin','研发部门','/system/menu','127.0.0.1','内网IP','{\"children\":[],\"createTime\":\"2025-07-15 13:50:54\",\"icon\":\"system\",\"isCache\":\"0\",\"isFrame\":\"1\",\"menuId\":1,\"menuName\":\"系统管理\",\"menuType\":\"M\",\"orderNum\":11,\"params\":{},\"parentId\":0,\"path\":\"system\",\"perms\":\"\",\"query\":\"\",\"routeName\":\"\",\"status\":\"0\",\"updateBy\":\"admin\",\"visible\":\"0\"}','{\"msg\":\"操作成功\",\"code\":200}',0,NULL,'2025-12-15 15:04:57',7),(365,'菜单管理',2,'com.ruoyi.web.controller.system.SysMenuController.edit()','PUT',1,'admin','研发部门','/system/menu','127.0.0.1','内网IP','{\"children\":[],\"createTime\":\"2025-07-15 13:50:54\",\"icon\":\"tool\",\"isCache\":\"0\",\"isFrame\":\"1\",\"menuId\":3,\"menuName\":\"系统工具\",\"menuType\":\"M\",\"orderNum\":12,\"params\":{},\"parentId\":0,\"path\":\"tool\",\"perms\":\"\",\"query\":\"\",\"routeName\":\"\",\"status\":\"0\",\"updateBy\":\"admin\",\"visible\":\"0\"}','{\"msg\":\"操作成功\",\"code\":200}',0,NULL,'2025-12-15 15:05:02',6),(366,'菜单管理',2,'com.ruoyi.web.controller.system.SysMenuController.edit()','PUT',1,'admin','研发部门','/system/menu','127.0.0.1','内网IP','{\"children\":[],\"component\":\"business/pack/index\",\"createTime\":\"2025-12-15 15:00:02\",\"icon\":\"bug\",\"isCache\":\"0\",\"isFrame\":\"1\",\"menuId\":2029,\"menuName\":\"包裹管理\",\"menuType\":\"C\",\"orderNum\":1,\"params\":{},\"parentId\":0,\"path\":\"pack\",\"perms\":\"\",\"routeName\":\"Pack\",\"status\":\"0\",\"updateBy\":\"admin\",\"visible\":\"0\"}','{\"msg\":\"操作成功\",\"code\":200}',0,NULL,'2025-12-15 15:05:48',6),(367,'菜单管理',1,'com.ruoyi.web.controller.system.SysMenuController.add()','POST',1,'admin','研发部门','/system/menu','127.0.0.1','内网IP','{\"children\":[],\"createBy\":\"admin\",\"icon\":\"bug\",\"isCache\":\"0\",\"isFrame\":\"1\",\"menuName\":\"驿站管理员\",\"menuType\":\"M\",\"orderNum\":1,\"params\":{},\"parentId\":0,\"path\":\"station_admin\",\"status\":\"0\",\"visible\":\"0\"}','{\"msg\":\"操作成功\",\"code\":200}',0,NULL,'2025-12-15 15:06:45',6),(368,'菜单管理',2,'com.ruoyi.web.controller.system.SysMenuController.edit()','PUT',1,'admin','研发部门','/system/menu','127.0.0.1','内网IP','{\"children\":[],\"component\":\"business/pack/index\",\"createTime\":\"2025-12-15 15:00:02\",\"icon\":\"bug\",\"isCache\":\"0\",\"isFrame\":\"1\",\"menuId\":2029,\"menuName\":\"包裹管理\",\"menuType\":\"C\",\"orderNum\":1,\"params\":{},\"parentId\":2032,\"path\":\"pack\",\"perms\":\"\",\"routeName\":\"Pack\",\"status\":\"0\",\"updateBy\":\"admin\",\"visible\":\"0\"}','{\"msg\":\"操作成功\",\"code\":200}',0,NULL,'2025-12-15 15:06:52',5),(369,'菜单管理',2,'com.ruoyi.web.controller.system.SysMenuController.edit()','PUT',1,'admin','研发部门','/system/menu','127.0.0.1','内网IP','{\"children\":[],\"component\":\"business/pack/index\",\"createTime\":\"2025-12-15 15:00:02\",\"icon\":\"bug\",\"isCache\":\"0\",\"isFrame\":\"1\",\"menuId\":2029,\"menuName\":\"包裹管理\",\"menuType\":\"C\",\"orderNum\":1,\"params\":{},\"parentId\":2032,\"path\":\"pack\",\"perms\":\"business:pack:list\",\"routeName\":\"Pack\",\"status\":\"0\",\"updateBy\":\"admin\",\"visible\":\"0\"}','{\"msg\":\"操作成功\",\"code\":200}',0,NULL,'2025-12-15 15:07:04',5),(370,'菜单管理',2,'com.ruoyi.web.controller.system.SysMenuController.edit()','PUT',1,'admin','研发部门','/system/menu','127.0.0.1','内网IP','{\"children\":[],\"createTime\":\"2025-12-15 15:01:27\",\"icon\":\"bug\",\"isCache\":\"0\",\"isFrame\":\"1\",\"menuId\":2030,\"menuName\":\"业务用户\",\"menuType\":\"M\",\"orderNum\":2,\"params\":{},\"parentId\":0,\"path\":\"customer\",\"perms\":\"\",\"routeName\":\"\",\"status\":\"0\",\"updateBy\":\"admin\",\"visible\":\"0\"}','{\"msg\":\"操作成功\",\"code\":200}',0,NULL,'2025-12-15 15:12:14',5),(371,'菜单管理',2,'com.ruoyi.web.controller.system.SysMenuController.edit()','PUT',1,'admin','研发部门','/system/menu','127.0.0.1','内网IP','{\"children\":[],\"createTime\":\"2025-12-15 15:01:48\",\"icon\":\"bug\",\"isCache\":\"0\",\"isFrame\":\"1\",\"menuId\":2031,\"menuName\":\"寄件人\",\"menuType\":\"M\",\"orderNum\":3,\"params\":{},\"parentId\":0,\"path\":\"senter\",\"perms\":\"\",\"routeName\":\"\",\"status\":\"1\",\"updateBy\":\"admin\",\"visible\":\"0\"}','{\"msg\":\"操作成功\",\"code\":200}',0,NULL,'2025-12-15 15:12:18',6),(372,'部门管理',2,'com.ruoyi.web.controller.system.SysDeptController.edit()','PUT',1,'admin','研发部门','/system/dept','127.0.0.1','内网IP','{\"ancestors\":\"0\",\"children\":[],\"deptId\":100,\"deptName\":\"奶龙驿站\",\"email\":\"ry@qq.com\",\"leader\":\"若依\",\"orderNum\":0,\"params\":{},\"parentId\":0,\"phone\":\"15888888888\",\"status\":\"0\",\"updateBy\":\"admin\"}','{\"msg\":\"操作成功\",\"code\":200}',0,NULL,'2025-12-15 15:13:53',9),(373,'部门管理',1,'com.ruoyi.web.controller.system.SysDeptController.add()','POST',1,'admin','研发部门','/system/dept','127.0.0.1','内网IP','{\"ancestors\":\"0,100\",\"children\":[],\"createBy\":\"admin\",\"deptName\":\"上海转运中心\",\"orderNum\":1,\"params\":{},\"parentId\":100,\"status\":\"0\"}','{\"msg\":\"操作成功\",\"code\":200}',0,NULL,'2025-12-15 15:15:24',7),(374,'部门管理',2,'com.ruoyi.web.controller.system.SysDeptController.edit()','PUT',1,'admin','研发部门','/system/dept','127.0.0.1','内网IP','{\"ancestors\":\"0,100\",\"children\":[],\"deptId\":101,\"deptName\":\"深圳总公司\",\"email\":\"ry@qq.com\",\"leader\":\"若依\",\"orderNum\":1,\"params\":{},\"parentId\":100,\"parentName\":\"奶龙驿站\",\"phone\":\"15888888888\",\"status\":\"1\"}','{\"msg\":\"该部门包含未停用的子部门！\",\"code\":500}',0,NULL,'2025-12-15 15:15:34',5),(375,'部门管理',3,'com.ruoyi.web.controller.system.SysDeptController.remove()','DELETE',1,'admin','研发部门','/system/dept/102','127.0.0.1','内网IP','102','{\"msg\":\"存在下级部门,不允许删除\",\"code\":601}',0,NULL,'2025-12-15 15:15:43',2),(376,'部门管理',3,'com.ruoyi.web.controller.system.SysDeptController.remove()','DELETE',1,'admin','研发部门','/system/dept/108','127.0.0.1','内网IP','108','{\"msg\":\"操作成功\",\"code\":200}',0,NULL,'2025-12-15 15:15:47',9),(377,'部门管理',3,'com.ruoyi.web.controller.system.SysDeptController.remove()','DELETE',1,'admin','研发部门','/system/dept/109','127.0.0.1','内网IP','109','{\"msg\":\"操作成功\",\"code\":200}',0,NULL,'2025-12-15 15:15:50',5),(378,'部门管理',2,'com.ruoyi.web.controller.system.SysDeptController.edit()','PUT',1,'admin','研发部门','/system/dept','127.0.0.1','内网IP','{\"ancestors\":\"0,100\",\"children\":[],\"deptId\":102,\"deptName\":\"北京转运中心\",\"email\":\"ry@qq.com\",\"leader\":\"若依\",\"orderNum\":2,\"params\":{},\"parentId\":100,\"parentName\":\"奶龙驿站\",\"phone\":\"15888888888\",\"status\":\"0\",\"updateBy\":\"admin\"}','{\"msg\":\"操作成功\",\"code\":200}',0,NULL,'2025-12-15 15:16:02',19),(379,'部门管理',2,'com.ruoyi.web.controller.system.SysDeptController.edit()','PUT',1,'admin','研发部门','/system/dept','127.0.0.1','内网IP','{\"ancestors\":\"0,100\",\"children\":[],\"deptId\":101,\"deptName\":\"深圳转运中心\",\"email\":\"ry@qq.com\",\"leader\":\"若依\",\"orderNum\":3,\"params\":{},\"parentId\":100,\"parentName\":\"奶龙驿站\",\"phone\":\"15888888888\",\"status\":\"0\",\"updateBy\":\"admin\"}','{\"msg\":\"操作成功\",\"code\":200}',0,NULL,'2025-12-15 15:16:20',11),(380,'部门管理',2,'com.ruoyi.web.controller.system.SysDeptController.edit()','PUT',1,'admin','研发部门','/system/dept','127.0.0.1','内网IP','{\"ancestors\":\"0\",\"children\":[],\"deptId\":100,\"deptName\":\"奶龙驿站全国总站\",\"email\":\"ry@qq.com\",\"leader\":\"若依\",\"orderNum\":0,\"params\":{},\"parentId\":0,\"phone\":\"15888888888\",\"status\":\"0\",\"updateBy\":\"admin\"}','{\"msg\":\"操作成功\",\"code\":200}',0,NULL,'2025-12-15 15:16:48',7),(381,'部门管理',1,'com.ruoyi.web.controller.system.SysDeptController.add()','POST',1,'admin','研发部门','/system/dept','127.0.0.1','内网IP','{\"ancestors\":\"0,100,200\",\"children\":[],\"createBy\":\"admin\",\"deptName\":\"上师大奶龙驿站\",\"orderNum\":1,\"params\":{},\"parentId\":200,\"status\":\"0\"}','{\"msg\":\"操作成功\",\"code\":200}',0,NULL,'2025-12-15 15:17:21',6),(382,'部门管理',1,'com.ruoyi.web.controller.system.SysDeptController.add()','POST',1,'admin','研发部门','/system/dept','127.0.0.1','内网IP','{\"ancestors\":\"0,100,200\",\"children\":[],\"createBy\":\"admin\",\"deptName\":\"上师大徐汇驿站\",\"orderNum\":2,\"params\":{},\"parentId\":200,\"status\":\"0\"}','{\"msg\":\"操作成功\",\"code\":200}',0,NULL,'2025-12-15 15:17:44',6),(383,'部门管理',2,'com.ruoyi.web.controller.system.SysDeptController.edit()','PUT',1,'admin','研发部门','/system/dept','127.0.0.1','内网IP','{\"ancestors\":\"0,100,200\",\"children\":[],\"deptId\":201,\"deptName\":\"上师大奉贤驿站\",\"orderNum\":1,\"params\":{},\"parentId\":200,\"parentName\":\"上海转运中心\",\"status\":\"0\",\"updateBy\":\"admin\"}','{\"msg\":\"操作成功\",\"code\":200}',0,NULL,'2025-12-15 15:17:53',16),(384,'菜单管理',2,'com.ruoyi.web.controller.system.SysMenuController.edit()','PUT',1,'admin','研发部门','/system/menu','127.0.0.1','内网IP','{\"children\":[],\"component\":\"system/dept/index\",\"createTime\":\"2025-07-15 13:50:54\",\"icon\":\"tree\",\"isCache\":\"0\",\"isFrame\":\"1\",\"menuId\":103,\"menuName\":\"部门管理\",\"menuType\":\"C\",\"orderNum\":4,\"params\":{},\"parentId\":2024,\"path\":\"dept\",\"perms\":\"system:dept:list\",\"query\":\"\",\"routeName\":\"\",\"status\":\"0\",\"updateBy\":\"admin\",\"visible\":\"0\"}','{\"msg\":\"操作成功\",\"code\":200}',0,NULL,'2025-12-15 15:18:35',5),(385,'岗位管理',2,'com.ruoyi.web.controller.system.SysPostController.edit()','PUT',1,'admin','研发部门','/system/post','127.0.0.1','内网IP','{\"createBy\":\"admin\",\"createTime\":\"2025-07-15 13:50:54\",\"flag\":false,\"params\":{},\"postCode\":\"ceo\",\"postId\":1,\"postName\":\"董事长\",\"postSort\":1,\"remark\":\"\",\"status\":\"1\",\"updateBy\":\"admin\"}','{\"msg\":\"操作成功\",\"code\":200}',0,NULL,'2025-12-15 15:20:18',15),(386,'岗位管理',2,'com.ruoyi.web.controller.system.SysPostController.edit()','PUT',1,'admin','研发部门','/system/post','127.0.0.1','内网IP','{\"createBy\":\"admin\",\"createTime\":\"2025-07-15 13:50:54\",\"flag\":false,\"params\":{},\"postCode\":\"se\",\"postId\":2,\"postName\":\"项目经理\",\"postSort\":2,\"remark\":\"\",\"status\":\"1\",\"updateBy\":\"admin\"}','{\"msg\":\"操作成功\",\"code\":200}',0,NULL,'2025-12-15 15:20:21',5),(387,'岗位管理',2,'com.ruoyi.web.controller.system.SysPostController.edit()','PUT',1,'admin','研发部门','/system/post','127.0.0.1','内网IP','{\"createBy\":\"admin\",\"createTime\":\"2025-07-15 13:50:54\",\"flag\":false,\"params\":{},\"postCode\":\"hr\",\"postId\":3,\"postName\":\"人力资源\",\"postSort\":3,\"remark\":\"\",\"status\":\"1\",\"updateBy\":\"admin\"}','{\"msg\":\"操作成功\",\"code\":200}',0,NULL,'2025-12-15 15:20:25',6),(388,'岗位管理',2,'com.ruoyi.web.controller.system.SysPostController.edit()','PUT',1,'admin','研发部门','/system/post','127.0.0.1','内网IP','{\"createBy\":\"admin\",\"createTime\":\"2025-07-15 13:50:54\",\"flag\":false,\"params\":{},\"postCode\":\"user\",\"postId\":4,\"postName\":\"普通员工\",\"postSort\":4,\"remark\":\"\",\"status\":\"1\",\"updateBy\":\"admin\"}','{\"msg\":\"操作成功\",\"code\":200}',0,NULL,'2025-12-15 15:20:28',5),(389,'用户管理',2,'com.ruoyi.web.controller.system.SysUserController.edit()','PUT',1,'admin','研发部门','/system/user','127.0.0.1','内网IP','{\"admin\":false,\"avatar\":\"\",\"createBy\":\"admin\",\"createTime\":\"2025-07-17 14:28:51\",\"delFlag\":\"0\",\"deptId\":201,\"email\":\"\",\"loginDate\":\"2025-07-17 14:32:02\",\"loginIp\":\"127.0.0.1\",\"nickName\":\"驿站管理员张三\",\"params\":{},\"phonenumber\":\"\",\"postIds\":[],\"roleIds\":[101],\"roles\":[{\"admin\":false,\"dataScope\":\"5\",\"deptCheckStrictly\":false,\"flag\":false,\"menuCheckStrictly\":false,\"params\":{},\"roleId\":101,\"roleKey\":\"station_admin\",\"roleName\":\"驿站管理员\",\"roleSort\":3,\"status\":\"0\"}],\"sex\":\"0\",\"status\":\"0\",\"updateBy\":\"admin\",\"userId\":101,\"userName\":\"张三\"}','{\"msg\":\"操作成功\",\"code\":200}',0,NULL,'2025-12-15 15:21:05',19),(390,'用户管理',1,'com.ruoyi.web.controller.system.SysUserController.add()','POST',1,'admin','研发部门','/system/user','127.0.0.1','内网IP','{\"admin\":false,\"createBy\":\"admin\",\"deptId\":202,\"nickName\":\"驿站管理员李四\",\"params\":{},\"postIds\":[],\"roleIds\":[101],\"status\":\"0\",\"userId\":102,\"userName\":\"李四\"}','{\"msg\":\"操作成功\",\"code\":200}',0,NULL,'2025-12-15 15:21:50',84),(391,'角色管理',2,'com.ruoyi.web.controller.system.SysRoleController.edit()','PUT',1,'admin','研发部门','/system/role','127.0.0.1','内网IP','{\"admin\":false,\"createTime\":\"2025-07-17 13:14:49\",\"dataScope\":\"5\",\"delFlag\":\"0\",\"deptCheckStrictly\":true,\"flag\":false,\"menuCheckStrictly\":true,\"menuIds\":[2032,2029],\"params\":{},\"roleId\":101,\"roleKey\":\"station_admin\",\"roleName\":\"驿站管理员\",\"roleSort\":3,\"status\":\"0\",\"updateBy\":\"admin\"}','{\"msg\":\"操作成功\",\"code\":200}',0,NULL,'2025-12-15 15:24:10',11),(392,'角色管理',1,'com.ruoyi.web.controller.system.SysRoleController.add()','POST',1,'admin','研发部门','/system/role','127.0.0.1','内网IP','{\"admin\":false,\"createBy\":\"admin\",\"deptCheckStrictly\":true,\"deptIds\":[],\"flag\":false,\"menuCheckStrictly\":true,\"menuIds\":[2030],\"params\":{},\"roleId\":103,\"roleKey\":\"customer\",\"roleName\":\"业务用户\",\"roleSort\":3,\"status\":\"0\"}','{\"msg\":\"操作成功\",\"code\":200}',0,NULL,'2025-12-15 15:24:43',10),(393,'角色管理',2,'com.ruoyi.web.controller.system.SysRoleController.edit()','PUT',1,'admin','研发部门','/system/role','127.0.0.1','内网IP','{\"admin\":false,\"createTime\":\"2025-07-15 13:50:54\",\"dataScope\":\"2\",\"delFlag\":\"0\",\"deptCheckStrictly\":true,\"flag\":false,\"menuCheckStrictly\":true,\"menuIds\":[2024,1,103,1016,1017,1018,1019,100,1000,1001,1002,1003,1004,1005,1006,101,1007,1008,1009,1010,1011,102,1012,1013,1014,1015,104,1020,1021,1022,1023,1024,105,1025,1026,1027,1028,1029,106,1030,1031,1032,1033,1034,107,1035,1036,1037,1038,108,500,1039,1040,1041,501,1042,1043,1044,1045,3,115,116,1055,1056,1057,1058,1059,1060,117,2,109,1046,1047,1048,110,1049,1050,1051,1052,1053,1054,111,112,113,114,4],\"params\":{},\"remark\":\"普通角色\",\"roleId\":2,\"roleKey\":\"common\",\"roleName\":\"普通角色\",\"roleSort\":99,\"status\":\"0\",\"updateBy\":\"admin\"}','{\"msg\":\"操作成功\",\"code\":200}',0,NULL,'2025-12-15 15:25:01',13),(394,'角色管理',2,'com.ruoyi.web.controller.system.SysRoleController.edit()','PUT',1,'admin','研发部门','/system/role','127.0.0.1','内网IP','{\"admin\":false,\"createTime\":\"2025-07-17 13:14:49\",\"dataScope\":\"5\",\"delFlag\":\"0\",\"deptCheckStrictly\":true,\"flag\":false,\"menuCheckStrictly\":true,\"menuIds\":[2032,2029],\"params\":{},\"roleId\":101,\"roleKey\":\"station_admin\",\"roleName\":\"驿站管理员\",\"roleSort\":2,\"status\":\"0\",\"updateBy\":\"admin\"}','{\"msg\":\"操作成功\",\"code\":200}',0,NULL,'2025-12-15 15:25:07',9),(395,'角色管理',2,'com.ruoyi.web.controller.system.SysRoleController.edit()','PUT',1,'admin','研发部门','/system/role','127.0.0.1','内网IP','{\"admin\":false,\"createTime\":\"2025-12-15 15:24:43\",\"dataScope\":\"1\",\"delFlag\":\"0\",\"deptCheckStrictly\":true,\"flag\":false,\"menuCheckStrictly\":true,\"menuIds\":[2030],\"params\":{},\"roleId\":103,\"roleKey\":\"customer\",\"roleName\":\"业务用户\",\"roleSort\":3,\"status\":\"0\",\"updateBy\":\"admin\"}','{\"msg\":\"操作成功\",\"code\":200}',0,NULL,'2025-12-15 15:25:14',27),(396,'驿站信息',2,'com.ruoyi.business.controller.BizStationController.edit()','PUT',1,'admin','研发部门','/business/station','127.0.0.1','内网IP','{\"contactUserId\":101,\"createdAt\":\"2025-12-15\",\"params\":{},\"stationAddr\":\"1\",\"stationCity\":\"1\",\"stationDist\":\"1\",\"stationId\":\"1\",\"stationName\":\"1\",\"stationProv\":\"1\",\"status\":\"待审核\",\"tel\":\"1\",\"updatedAt\":\"2025-12-15\"}','{\"msg\":\"操作成功\",\"code\":200}',0,NULL,'2025-12-15 15:37:00',6),(397,'代码生成',3,'com.ruoyi.generator.controller.GenController.remove()','DELETE',1,'admin','研发部门','/tool/gen/20','127.0.0.1','内网IP','[20]','{\"msg\":\"操作成功\",\"code\":200}',0,NULL,'2025-12-15 15:39:19',6),(398,'代码生成',6,'com.ruoyi.generator.controller.GenController.importTableSave()','POST',1,'admin','研发部门','/tool/gen/importTable','127.0.0.1','内网IP','{\"tables\":\"biz_station\"}','{\"msg\":\"操作成功\",\"code\":200}',0,NULL,'2025-12-15 15:39:32',27),(399,'代码生成',2,'com.ruoyi.generator.controller.GenController.editSave()','PUT',1,'admin','研发部门','/tool/gen','127.0.0.1','内网IP','{\"businessName\":\"station\",\"className\":\"BizStation\",\"columns\":[{\"capJavaField\":\"StationId\",\"columnComment\":\"驿站ID\",\"columnId\":181,\"columnName\":\"station_id\",\"columnType\":\"bigint unsigned\",\"createBy\":\"admin\",\"createTime\":\"2025-12-15 15:39:32\",\"dictType\":\"\",\"edit\":false,\"increment\":true,\"insert\":true,\"isIncrement\":\"1\",\"isInsert\":\"1\",\"isPk\":\"1\",\"isRequired\":\"0\",\"javaField\":\"stationId\",\"javaType\":\"String\",\"list\":false,\"params\":{},\"pk\":true,\"query\":false,\"queryType\":\"EQ\",\"required\":false,\"sort\":1,\"superColumn\":false,\"tableId\":22,\"updateBy\":\"\",\"usableColumn\":false},{\"capJavaField\":\"DeptId\",\"columnComment\":\"部门ID\",\"columnId\":182,\"columnName\":\"dept_id\",\"columnType\":\"bigint\",\"createBy\":\"admin\",\"createTime\":\"2025-12-15 15:39:32\",\"dictType\":\"\",\"edit\":true,\"htmlType\":\"input\",\"increment\":false,\"insert\":true,\"isEdit\":\"1\",\"isIncrement\":\"0\",\"isInsert\":\"1\",\"isList\":\"1\",\"isPk\":\"0\",\"isQuery\":\"1\",\"isRequired\":\"1\",\"javaField\":\"deptId\",\"javaType\":\"Long\",\"list\":true,\"params\":{},\"pk\":false,\"query\":true,\"queryType\":\"EQ\",\"required\":true,\"sort\":2,\"superColumn\":false,\"tableId\":22,\"updateBy\":\"\",\"usableColumn\":false},{\"capJavaField\":\"StationProv\",\"columnComment\":\"省\",\"columnId\":183,\"columnName\":\"station_prov\",\"columnType\":\"varchar(64)\",\"createBy\":\"admin\",\"createTime\":\"2025-12-15 15:39:32\",\"dictType\":\"\",\"edit\":true,\"htmlType\":\"input\",\"increment\":false,\"insert\":true,\"isEdit\":\"1\",\"isIncrement\":\"0\",\"isInsert\":\"1\",\"isList\":\"1\",\"isPk\":\"0\",\"isQuery\":\"1\",\"isRequired\":\"1\",\"javaField\":\"stationProv\",\"javaType\":\"String\",\"list\":true,\"params\":{},\"pk\":false,\"query\":true,\"queryType\":\"EQ\",\"required\":true,\"sort\":3,\"superColumn\":false,\"tableId\":22,\"updateBy\":\"\",\"usableColumn\":false},{\"capJavaField\":\"StationCity\",\"columnComment\":\"市\",\"columnId\":184,\"columnName\":\"station_city\",\"columnType\":\"varchar(64)\",\"createBy\":\"admin\",\"createTime\":\"2025-12-15 15:39:32\",\"dictType\":\"\",\"edit\":true,\"htmlType\":\"input\",\"increment\":false,\"insert\":true,\"isEdit\":\"1\",\"isIncrement\":\"0\",\"isInsert\":\"1\",\"isList\":\"1\",\"isPk\":\"0\",\"isQuery\":\"1\",\"isRequ','{\"msg\":\"操作成功\",\"code\":200}',0,NULL,'2025-12-15 15:40:03',27),(400,'代码生成',8,'com.ruoyi.generator.controller.GenController.batchGenCode()','GET',1,'admin','研发部门','/tool/gen/batchGenCode','127.0.0.1','内网IP','{\"tables\":\"biz_station\"}',NULL,0,NULL,'2025-12-15 15:40:06',34),(401,'代码生成',2,'com.ruoyi.generator.controller.GenController.editSave()','PUT',1,'admin','研发部门','/tool/gen','127.0.0.1','内网IP','{\"businessName\":\"station\",\"className\":\"BizStation\",\"columns\":[{\"capJavaField\":\"StationId\",\"columnComment\":\"驿站ID\",\"columnId\":181,\"columnName\":\"station_id\",\"columnType\":\"bigint unsigned\",\"createBy\":\"admin\",\"createTime\":\"2025-12-15 15:39:32\",\"dictType\":\"\",\"edit\":false,\"increment\":true,\"insert\":true,\"isIncrement\":\"1\",\"isInsert\":\"1\",\"isPk\":\"1\",\"isRequired\":\"0\",\"javaField\":\"stationId\",\"javaType\":\"String\",\"list\":false,\"params\":{},\"pk\":true,\"query\":false,\"queryType\":\"EQ\",\"required\":false,\"sort\":1,\"superColumn\":false,\"tableId\":22,\"updateBy\":\"\",\"updateTime\":\"2025-12-15 15:40:03\",\"usableColumn\":false},{\"capJavaField\":\"DeptId\",\"columnComment\":\"部门ID\",\"columnId\":182,\"columnName\":\"dept_id\",\"columnType\":\"bigint\",\"createBy\":\"admin\",\"createTime\":\"2025-12-15 15:39:32\",\"dictType\":\"\",\"edit\":true,\"htmlType\":\"input\",\"increment\":false,\"insert\":true,\"isEdit\":\"1\",\"isIncrement\":\"0\",\"isInsert\":\"1\",\"isList\":\"1\",\"isPk\":\"0\",\"isQuery\":\"1\",\"isRequired\":\"1\",\"javaField\":\"deptId\",\"javaType\":\"Long\",\"list\":true,\"params\":{},\"pk\":false,\"query\":true,\"queryType\":\"EQ\",\"required\":true,\"sort\":2,\"superColumn\":false,\"tableId\":22,\"updateBy\":\"\",\"updateTime\":\"2025-12-15 15:40:03\",\"usableColumn\":false},{\"capJavaField\":\"StationProv\",\"columnComment\":\"省\",\"columnId\":183,\"columnName\":\"station_prov\",\"columnType\":\"varchar(64)\",\"createBy\":\"admin\",\"createTime\":\"2025-12-15 15:39:32\",\"dictType\":\"\",\"edit\":true,\"htmlType\":\"input\",\"increment\":false,\"insert\":true,\"isEdit\":\"1\",\"isIncrement\":\"0\",\"isInsert\":\"1\",\"isList\":\"1\",\"isPk\":\"0\",\"isQuery\":\"1\",\"isRequired\":\"1\",\"javaField\":\"stationProv\",\"javaType\":\"String\",\"list\":true,\"params\":{},\"pk\":false,\"query\":true,\"queryType\":\"EQ\",\"required\":true,\"sort\":3,\"superColumn\":false,\"tableId\":22,\"updateBy\":\"\",\"updateTime\":\"2025-12-15 15:40:03\",\"usableColumn\":false},{\"capJavaField\":\"StationCity\",\"columnComment\":\"市\",\"columnId\":184,\"columnName\":\"station_city\",\"columnType\":\"varchar(64)\",\"createBy\":\"admin\",\"createTime\":\"2025-12-15 15:39:32\",\"dictType\":\"\",\"edit\":true,\"htmlType\":\"input\",\"increment\":false,','{\"msg\":\"操作成功\",\"code\":200}',0,NULL,'2025-12-15 15:52:39',50),(402,'代码生成',8,'com.ruoyi.generator.controller.GenController.batchGenCode()','GET',1,'admin','研发部门','/tool/gen/batchGenCode','127.0.0.1','内网IP','{\"tables\":\"biz_station\"}',NULL,0,NULL,'2025-12-15 15:52:43',153),(403,'包裹表',2,'com.ruoyi.business.controller.BizPackController.edit()','PUT',1,'admin','研发部门','/business/pack','127.0.0.1','内网IP','{\"createdAt\":\"2025-12-15\",\"isDangerous\":0,\"isFragile\":1,\"isUrgent\":0,\"note\":\"生活用品\",\"packId\":\"2\",\"params\":{},\"pickupCode\":\"1111\",\"receiverAddrDetail\":\"上师大奉贤校区\",\"receiverCity\":\"上海市\",\"receiverDist\":\"奉贤区\",\"receiverId\":\"4\",\"receiverName\":\"赵六\",\"receiverProv\":\"上海市\",\"receiverTel\":\"13800000004\",\"senderAddrDetail\":\"中关村南大街27号\",\"senderCity\":\"北京市\",\"senderDist\":\"海淀区\",\"senderId\":\"2\",\"senderProv\":\"北京市\",\"status\":\"入库已核验\",\"updatedAt\":\"2025-12-15\",\"volume\":0.032,\"weight\":3.2}','{\"msg\":\"操作成功\",\"code\":200}',0,NULL,'2025-12-15 23:22:54',36),(404,'包裹表',2,'com.ruoyi.business.controller.BizPackController.edit()','PUT',1,'admin','研发部门','/business/pack','127.0.0.1','内网IP','{\"createdAt\":\"2025-12-15\",\"isDangerous\":0,\"isFragile\":0,\"isUrgent\":1,\"note\":\"文件袋\",\"packId\":\"3\",\"params\":{},\"pickupCode\":\"2222\",\"receiverAddrDetail\":\"上师大徐汇校区\",\"receiverCity\":\"上海市\",\"receiverDist\":\"徐汇区\",\"receiverId\":\"1\",\"receiverName\":\"张三\",\"receiverProv\":\"上海市\",\"receiverTel\":\"13800000001\",\"senderAddrDetail\":\"珠江新城花城大道\",\"senderCity\":\"广州市\",\"senderDist\":\"天河区\",\"senderId\":\"3\",\"senderProv\":\"广东省\",\"status\":\"待取件\",\"updatedAt\":\"2025-12-15\",\"volume\":0.0042,\"weight\":0.95}','{\"msg\":\"操作成功\",\"code\":200}',0,NULL,'2025-12-15 23:22:59',17),(405,'包裹表',2,'com.ruoyi.business.controller.BizPackController.edit()','PUT',1,'admin','研发部门','/business/pack','127.0.0.1','内网IP','{\"createdAt\":\"2025-12-15\",\"isDangerous\":0,\"isFragile\":1,\"isUrgent\":0,\"note\":\"生活用品\",\"packId\":\"8\",\"params\":{},\"pickupCode\":\"3333\",\"receiverAddrDetail\":\"上师大奉贤校区\",\"receiverCity\":\"上海市\",\"receiverDist\":\"奉贤区\",\"receiverId\":\"4\",\"receiverName\":\"赵六\",\"receiverProv\":\"上海市\",\"receiverTel\":\"13800000004\",\"senderAddrDetail\":\"中关村南大街27号\",\"senderCity\":\"北京市\",\"senderDist\":\"海淀区\",\"senderId\":\"2\",\"senderProv\":\"北京市\",\"status\":\"入库已核验\",\"updatedAt\":\"2025-12-15\",\"volume\":0.032,\"weight\":3.2}','{\"msg\":\"操作成功\",\"code\":200}',0,NULL,'2025-12-15 23:23:03',18),(406,'包裹表',2,'com.ruoyi.business.controller.BizPackController.edit()','PUT',1,'admin','研发部门','/business/pack','127.0.0.1','内网IP','{\"createdAt\":\"2025-12-15\",\"isDangerous\":0,\"isFragile\":0,\"isUrgent\":1,\"note\":\"文件袋\",\"packId\":\"9\",\"params\":{},\"pickupCode\":\"4444\",\"receiverAddrDetail\":\"上师大徐汇校区\",\"receiverCity\":\"上海市\",\"receiverDist\":\"徐汇区\",\"receiverId\":\"1\",\"receiverName\":\"张三\",\"receiverProv\":\"上海市\",\"receiverTel\":\"13800000001\",\"senderAddrDetail\":\"珠江新城花城大道\",\"senderCity\":\"广州市\",\"senderDist\":\"天河区\",\"senderId\":\"3\",\"senderProv\":\"广东省\",\"status\":\"待取件\",\"updatedAt\":\"2025-12-15\",\"volume\":0.0042,\"weight\":0.95}','{\"msg\":\"操作成功\",\"code\":200}',0,NULL,'2025-12-15 23:23:07',18),(407,'包裹表',3,'com.ruoyi.business.controller.BizPackController.remove()','DELETE',1,'admin','研发部门','/business/pack/7','127.0.0.1','内网IP','[\"7\"]','{\"msg\":\"操作成功\",\"code\":200}',0,NULL,'2025-12-15 23:23:47',21),(408,'包裹表',3,'com.ruoyi.business.controller.BizPackController.remove()','DELETE',1,'admin','研发部门','/business/pack/8','127.0.0.1','内网IP','[\"8\"]','{\"msg\":\"操作成功\",\"code\":200}',0,NULL,'2025-12-15 23:23:49',4),(409,'包裹表',3,'com.ruoyi.business.controller.BizPackController.remove()','DELETE',1,'admin','研发部门','/business/pack/9','127.0.0.1','内网IP','[\"9\"]','{\"msg\":\"操作成功\",\"code\":200}',0,NULL,'2025-12-15 23:23:52',7),(410,'菜单管理',2,'com.ruoyi.web.controller.system.SysMenuController.edit()','PUT',1,'admin','研发部门','/system/menu','127.0.0.1','内网IP','{\"children\":[],\"createTime\":\"2025-12-09 00:16:40\",\"icon\":\"user\",\"isCache\":\"0\",\"isFrame\":\"1\",\"menuId\":2024,\"menuName\":\"超级管理员\",\"menuType\":\"M\",\"orderNum\":0,\"params\":{},\"parentId\":0,\"path\":\"sys_admin\",\"perms\":\"\",\"routeName\":\"\",\"status\":\"0\",\"updateBy\":\"admin\",\"visible\":\"0\"}','{\"msg\":\"操作成功\",\"code\":200}',0,NULL,'2025-12-15 23:30:53',17),(411,'菜单管理',2,'com.ruoyi.web.controller.system.SysMenuController.edit()','PUT',1,'admin','研发部门','/system/menu','127.0.0.1','内网IP','{\"children\":[],\"component\":\"business/client/index\",\"createTime\":\"2025-12-09 08:05:42\",\"icon\":\"peoples\",\"isCache\":\"0\",\"isFrame\":\"1\",\"menuId\":2027,\"menuName\":\"用户管理\",\"menuType\":\"C\",\"orderNum\":1,\"params\":{},\"parentId\":2024,\"path\":\"client\",\"perms\":\"business:client:list\",\"query\":\"\",\"routeName\":\"Client\",\"status\":\"0\",\"updateBy\":\"admin\",\"visible\":\"0\"}','{\"msg\":\"操作成功\",\"code\":200}',0,NULL,'2025-12-15 23:31:01',16),(412,'菜单管理',2,'com.ruoyi.web.controller.system.SysMenuController.edit()','PUT',1,'admin','研发部门','/system/menu','127.0.0.1','内网IP','{\"children\":[],\"createTime\":\"2025-12-15 15:06:45\",\"icon\":\"people\",\"isCache\":\"0\",\"isFrame\":\"1\",\"menuId\":2032,\"menuName\":\"驿站管理员\",\"menuType\":\"M\",\"orderNum\":1,\"params\":{},\"parentId\":0,\"path\":\"station_admin\",\"perms\":\"\",\"routeName\":\"\",\"status\":\"0\",\"updateBy\":\"admin\",\"visible\":\"0\"}','{\"msg\":\"操作成功\",\"code\":200}',0,NULL,'2025-12-15 23:31:09',17),(413,'菜单管理',2,'com.ruoyi.web.controller.system.SysMenuController.edit()','PUT',1,'admin','研发部门','/system/menu','127.0.0.1','内网IP','{\"children\":[],\"component\":\"business/pack/index\",\"createTime\":\"2025-12-15 15:00:02\",\"icon\":\"email\",\"isCache\":\"0\",\"isFrame\":\"1\",\"menuId\":2029,\"menuName\":\"包裹管理\",\"menuType\":\"C\",\"orderNum\":1,\"params\":{},\"parentId\":2032,\"path\":\"pack\",\"perms\":\"business:pack:list\",\"routeName\":\"Pack\",\"status\":\"0\",\"updateBy\":\"admin\",\"visible\":\"0\"}','{\"msg\":\"操作成功\",\"code\":200}',0,NULL,'2025-12-15 23:31:17',6),(414,'菜单管理',2,'com.ruoyi.web.controller.system.SysMenuController.edit()','PUT',1,'admin','研发部门','/system/menu','127.0.0.1','内网IP','{\"children\":[],\"createTime\":\"2025-12-15 15:01:27\",\"icon\":\"peoples\",\"isCache\":\"0\",\"isFrame\":\"1\",\"menuId\":2030,\"menuName\":\"业务用户\",\"menuType\":\"M\",\"orderNum\":2,\"params\":{},\"parentId\":0,\"path\":\"customer\",\"perms\":\"\",\"routeName\":\"\",\"status\":\"0\",\"updateBy\":\"admin\",\"visible\":\"0\"}','{\"msg\":\"操作成功\",\"code\":200}',0,NULL,'2025-12-15 23:31:27',27);
/*!40000 ALTER TABLE `sys_oper_log` ENABLE KEYS */;
UNLOCK TABLES;

--
-- Table structure for table `sys_post`
--

DROP TABLE IF EXISTS `sys_post`;
/*!40101 SET @saved_cs_client     = @@character_set_client */;
/*!50503 SET character_set_client = utf8mb4 */;
CREATE TABLE `sys_post` (
  `post_id` bigint NOT NULL AUTO_INCREMENT COMMENT '岗位ID',
  `post_code` varchar(64) COLLATE utf8mb4_general_ci NOT NULL COMMENT '岗位编码',
  `post_name` varchar(50) COLLATE utf8mb4_general_ci NOT NULL COMMENT '岗位名称',
  `post_sort` int NOT NULL COMMENT '显示顺序',
  `status` char(1) COLLATE utf8mb4_general_ci NOT NULL COMMENT '状态（0正常 1停用）',
  `create_by` varchar(64) COLLATE utf8mb4_general_ci DEFAULT '' COMMENT '创建者',
  `create_time` datetime DEFAULT NULL COMMENT '创建时间',
  `update_by` varchar(64) COLLATE utf8mb4_general_ci DEFAULT '' COMMENT '更新者',
  `update_time` datetime DEFAULT NULL COMMENT '更新时间',
  `remark` varchar(500) COLLATE utf8mb4_general_ci DEFAULT NULL COMMENT '备注',
  PRIMARY KEY (`post_id`)
) ENGINE=InnoDB AUTO_INCREMENT=5 DEFAULT CHARSET=utf8mb4 COLLATE=utf8mb4_general_ci COMMENT='岗位信息表';
/*!40101 SET character_set_client = @saved_cs_client */;

--
-- Dumping data for table `sys_post`
--

LOCK TABLES `sys_post` WRITE;
/*!40000 ALTER TABLE `sys_post` DISABLE KEYS */;
INSERT INTO `sys_post` VALUES (1,'ceo','董事长',1,'1','admin','2025-07-15 13:50:54','admin','2025-12-15 15:20:18',''),(2,'se','项目经理',2,'1','admin','2025-07-15 13:50:54','admin','2025-12-15 15:20:21',''),(3,'hr','人力资源',3,'1','admin','2025-07-15 13:50:54','admin','2025-12-15 15:20:25',''),(4,'user','普通员工',4,'1','admin','2025-07-15 13:50:54','admin','2025-12-15 15:20:28','');
/*!40000 ALTER TABLE `sys_post` ENABLE KEYS */;
UNLOCK TABLES;

--
-- Table structure for table `sys_role`
--

DROP TABLE IF EXISTS `sys_role`;
/*!40101 SET @saved_cs_client     = @@character_set_client */;
/*!50503 SET character_set_client = utf8mb4 */;
CREATE TABLE `sys_role` (
  `role_id` bigint NOT NULL AUTO_INCREMENT COMMENT '角色ID',
  `role_name` varchar(30) COLLATE utf8mb4_general_ci NOT NULL COMMENT '角色名称',
  `role_key` varchar(100) COLLATE utf8mb4_general_ci NOT NULL COMMENT '角色权限字符串',
  `role_sort` int NOT NULL COMMENT '显示顺序',
  `data_scope` char(1) COLLATE utf8mb4_general_ci DEFAULT '1' COMMENT '数据范围（1：全部数据权限 2：自定数据权限 3：本部门数据权限 4：本部门及以下数据权限）',
  `menu_check_strictly` tinyint(1) DEFAULT '1' COMMENT '菜单树选择项是否关联显示',
  `dept_check_strictly` tinyint(1) DEFAULT '1' COMMENT '部门树选择项是否关联显示',
  `status` char(1) COLLATE utf8mb4_general_ci NOT NULL COMMENT '角色状态（0正常 1停用）',
  `del_flag` char(1) COLLATE utf8mb4_general_ci DEFAULT '0' COMMENT '删除标志（0代表存在 2代表删除）',
  `create_by` varchar(64) COLLATE utf8mb4_general_ci DEFAULT '' COMMENT '创建者',
  `create_time` datetime DEFAULT NULL COMMENT '创建时间',
  `update_by` varchar(64) COLLATE utf8mb4_general_ci DEFAULT '' COMMENT '更新者',
  `update_time` datetime DEFAULT NULL COMMENT '更新时间',
  `remark` varchar(500) COLLATE utf8mb4_general_ci DEFAULT NULL COMMENT '备注',
  PRIMARY KEY (`role_id`)
) ENGINE=InnoDB AUTO_INCREMENT=104 DEFAULT CHARSET=utf8mb4 COLLATE=utf8mb4_general_ci COMMENT='角色信息表';
/*!40101 SET character_set_client = @saved_cs_client */;

--
-- Dumping data for table `sys_role`
--

LOCK TABLES `sys_role` WRITE;
/*!40000 ALTER TABLE `sys_role` DISABLE KEYS */;
INSERT INTO `sys_role` VALUES (1,'超级管理员','admin',1,'1',1,1,'0','0','admin','2025-07-15 13:50:54','',NULL,'超级管理员'),(2,'普通角色','common',99,'2',1,1,'0','0','admin','2025-07-15 13:50:54','admin','2025-12-15 15:25:01','普通角色'),(100,'访客','guest',100,'1',1,1,'0','0','admin','2025-07-16 16:46:35','admin','2025-07-16 16:46:43',NULL),(101,'驿站管理员','station_admin',2,'5',1,1,'0','0','admin','2025-07-17 13:14:49','admin','2025-12-15 15:25:07',NULL),(102,'教师','teacher',4,'1',0,0,'1','0','admin','2025-07-17 13:15:09','admin','2025-12-09 08:04:07',NULL),(103,'业务用户','customer',3,'1',1,1,'0','0','admin','2025-12-15 15:24:43','admin','2025-12-15 15:25:14',NULL);
/*!40000 ALTER TABLE `sys_role` ENABLE KEYS */;
UNLOCK TABLES;

--
-- Table structure for table `sys_role_dept`
--

DROP TABLE IF EXISTS `sys_role_dept`;
/*!40101 SET @saved_cs_client     = @@character_set_client */;
/*!50503 SET character_set_client = utf8mb4 */;
CREATE TABLE `sys_role_dept` (
  `role_id` bigint NOT NULL COMMENT '角色ID',
  `dept_id` bigint NOT NULL COMMENT '部门ID',
  PRIMARY KEY (`role_id`,`dept_id`)
) ENGINE=InnoDB DEFAULT CHARSET=utf8mb4 COLLATE=utf8mb4_general_ci COMMENT='角色和部门关联表';
/*!40101 SET character_set_client = @saved_cs_client */;

--
-- Dumping data for table `sys_role_dept`
--

LOCK TABLES `sys_role_dept` WRITE;
/*!40000 ALTER TABLE `sys_role_dept` DISABLE KEYS */;
INSERT INTO `sys_role_dept` VALUES (2,100),(2,101),(2,105);
/*!40000 ALTER TABLE `sys_role_dept` ENABLE KEYS */;
UNLOCK TABLES;

--
-- Table structure for table `sys_role_menu`
--

DROP TABLE IF EXISTS `sys_role_menu`;
/*!40101 SET @saved_cs_client     = @@character_set_client */;
/*!50503 SET character_set_client = utf8mb4 */;
CREATE TABLE `sys_role_menu` (
  `role_id` bigint NOT NULL COMMENT '角色ID',
  `menu_id` bigint NOT NULL COMMENT '菜单ID',
  PRIMARY KEY (`role_id`,`menu_id`)
) ENGINE=InnoDB DEFAULT CHARSET=utf8mb4 COLLATE=utf8mb4_general_ci COMMENT='角色和菜单关联表';
/*!40101 SET character_set_client = @saved_cs_client */;

--
-- Dumping data for table `sys_role_menu`
--

LOCK TABLES `sys_role_menu` WRITE;
/*!40000 ALTER TABLE `sys_role_menu` DISABLE KEYS */;
INSERT INTO `sys_role_menu` VALUES (2,1),(2,2),(2,3),(2,4),(2,100),(2,101),(2,102),(2,103),(2,104),(2,105),(2,106),(2,107),(2,108),(2,109),(2,110),(2,111),(2,112),(2,113),(2,114),(2,115),(2,116),(2,117),(2,500),(2,501),(2,1000),(2,1001),(2,1002),(2,1003),(2,1004),(2,1005),(2,1006),(2,1007),(2,1008),(2,1009),(2,1010),(2,1011),(2,1012),(2,1013),(2,1014),(2,1015),(2,1016),(2,1017),(2,1018),(2,1019),(2,1020),(2,1021),(2,1022),(2,1023),(2,1024),(2,1025),(2,1026),(2,1027),(2,1028),(2,1029),(2,1030),(2,1031),(2,1032),(2,1033),(2,1034),(2,1035),(2,1036),(2,1037),(2,1038),(2,1039),(2,1040),(2,1041),(2,1042),(2,1043),(2,1044),(2,1045),(2,1046),(2,1047),(2,1048),(2,1049),(2,1050),(2,1051),(2,1052),(2,1053),(2,1054),(2,1055),(2,1056),(2,1057),(2,1058),(2,1059),(2,1060),(2,2024),(100,1),(100,2),(100,100),(100,101),(100,102),(100,103),(100,104),(100,105),(100,106),(100,107),(100,109),(100,110),(100,1000),(100,1007),(100,1012),(100,1016),(100,1020),(100,1025),(100,1030),(100,1035),(100,1046),(100,1049),(100,2000),(100,2001),(101,2029),(101,2032),(102,1),(102,2018),(102,2019),(102,2020),(102,2021),(102,2022),(102,2023),(103,2030);
/*!40000 ALTER TABLE `sys_role_menu` ENABLE KEYS */;
UNLOCK TABLES;

--
-- Table structure for table `sys_user`
--

DROP TABLE IF EXISTS `sys_user`;
/*!40101 SET @saved_cs_client     = @@character_set_client */;
/*!50503 SET character_set_client = utf8mb4 */;
CREATE TABLE `sys_user` (
  `user_id` bigint NOT NULL AUTO_INCREMENT COMMENT '用户ID',
  `dept_id` bigint DEFAULT NULL COMMENT '部门ID',
  `user_name` varchar(30) COLLATE utf8mb4_general_ci NOT NULL COMMENT '用户账号',
  `nick_name` varchar(30) COLLATE utf8mb4_general_ci NOT NULL COMMENT '用户昵称',
  `user_type` varchar(2) COLLATE utf8mb4_general_ci DEFAULT '00' COMMENT '用户类型（00系统用户）',
  `email` varchar(50) COLLATE utf8mb4_general_ci DEFAULT '' COMMENT '用户邮箱',
  `phonenumber` varchar(11) COLLATE utf8mb4_general_ci DEFAULT '' COMMENT '手机号码',
  `sex` char(1) COLLATE utf8mb4_general_ci DEFAULT '0' COMMENT '用户性别（0男 1女 2未知）',
  `avatar` varchar(100) COLLATE utf8mb4_general_ci DEFAULT '' COMMENT '头像地址',
  `password` varchar(100) COLLATE utf8mb4_general_ci DEFAULT '' COMMENT '密码',
  `status` char(1) COLLATE utf8mb4_general_ci DEFAULT '0' COMMENT '账号状态（0正常 1停用）',
  `del_flag` char(1) COLLATE utf8mb4_general_ci DEFAULT '0' COMMENT '删除标志（0代表存在 2代表删除）',
  `login_ip` varchar(128) COLLATE utf8mb4_general_ci DEFAULT '' COMMENT '最后登录IP',
  `login_date` datetime DEFAULT NULL COMMENT '最后登录时间',
  `pwd_update_date` datetime DEFAULT NULL COMMENT '密码最后更新时间',
  `create_by` varchar(64) COLLATE utf8mb4_general_ci DEFAULT '' COMMENT '创建者',
  `create_time` datetime DEFAULT NULL COMMENT '创建时间',
  `update_by` varchar(64) COLLATE utf8mb4_general_ci DEFAULT '' COMMENT '更新者',
  `update_time` datetime DEFAULT NULL COMMENT '更新时间',
  `remark` varchar(500) COLLATE utf8mb4_general_ci DEFAULT NULL COMMENT '备注',
  PRIMARY KEY (`user_id`)
) ENGINE=InnoDB AUTO_INCREMENT=103 DEFAULT CHARSET=utf8mb4 COLLATE=utf8mb4_general_ci COMMENT='用户信息表';
/*!40101 SET character_set_client = @saved_cs_client */;

--
-- Dumping data for table `sys_user`
--

LOCK TABLES `sys_user` WRITE;
/*!40000 ALTER TABLE `sys_user` DISABLE KEYS */;
INSERT INTO `sys_user` VALUES (1,103,'admin','若依','00','ry@163.com','15888888888','1','','$2a$10$7JB720yubVSZvUI0rEqK/.VqGOZTH.ulu33dHOiBE8ByOhJIrdAu2','0','0','127.0.0.1','2025-12-16 09:25:49','2025-07-15 13:50:54','admin','2025-07-15 13:50:54','','2025-12-16 09:25:48','管理员'),(2,105,'ry','若依','00','ry@qq.com','15666666666','1','','$2a$10$7JB720yubVSZvUI0rEqK/.VqGOZTH.ulu33dHOiBE8ByOhJIrdAu2','0','0','127.0.0.1','2025-07-15 13:50:54','2025-07-15 13:50:54','admin','2025-07-15 13:50:54','',NULL,'测试员'),(100,NULL,'guest1','访客1','00','','','0','','$2a$10$wPnszosI07WjO274GSlysOVa4FGwe.D99I8.OxCXdZMkdrVo4.oPq','0','0','127.0.0.1','2025-07-16 17:09:11',NULL,'admin','2025-07-16 17:07:48','admin','2025-07-16 17:09:11',NULL),(101,201,'张三','驿站管理员张三','00','','','0','','$2a$10$eP3xxThD3ZO61yfypyL.vukScUU4/VvH0xRmfGY6jVbg5RQX3rWN6','0','0','127.0.0.1','2025-12-16 09:30:29',NULL,'admin','2025-07-17 14:28:51','admin','2025-12-16 09:30:28',NULL),(102,202,'李四','驿站管理员李四','00','','','0','','$2a$10$RU6rOGC/ub3B1eKUIqxggu8lv0hQyuZ05W2GJ3PTp5tU81zCL4VlK','0','0','',NULL,NULL,'admin','2025-12-15 15:21:50','',NULL,NULL);
/*!40000 ALTER TABLE `sys_user` ENABLE KEYS */;
UNLOCK TABLES;

--
-- Table structure for table `sys_user_post`
--

DROP TABLE IF EXISTS `sys_user_post`;
/*!40101 SET @saved_cs_client     = @@character_set_client */;
/*!50503 SET character_set_client = utf8mb4 */;
CREATE TABLE `sys_user_post` (
  `user_id` bigint NOT NULL COMMENT '用户ID',
  `post_id` bigint NOT NULL COMMENT '岗位ID',
  PRIMARY KEY (`user_id`,`post_id`)
) ENGINE=InnoDB DEFAULT CHARSET=utf8mb4 COLLATE=utf8mb4_general_ci COMMENT='用户与岗位关联表';
/*!40101 SET character_set_client = @saved_cs_client */;

--
-- Dumping data for table `sys_user_post`
--

LOCK TABLES `sys_user_post` WRITE;
/*!40000 ALTER TABLE `sys_user_post` DISABLE KEYS */;
INSERT INTO `sys_user_post` VALUES (1,1),(2,2);
/*!40000 ALTER TABLE `sys_user_post` ENABLE KEYS */;
UNLOCK TABLES;

--
-- Table structure for table `sys_user_role`
--

DROP TABLE IF EXISTS `sys_user_role`;
/*!40101 SET @saved_cs_client     = @@character_set_client */;
/*!50503 SET character_set_client = utf8mb4 */;
CREATE TABLE `sys_user_role` (
  `user_id` bigint NOT NULL COMMENT '用户ID',
  `role_id` bigint NOT NULL COMMENT '角色ID',
  PRIMARY KEY (`user_id`,`role_id`)
) ENGINE=InnoDB DEFAULT CHARSET=utf8mb4 COLLATE=utf8mb4_general_ci COMMENT='用户和角色关联表';
/*!40101 SET character_set_client = @saved_cs_client */;

--
-- Dumping data for table `sys_user_role`
--

LOCK TABLES `sys_user_role` WRITE;
/*!40000 ALTER TABLE `sys_user_role` DISABLE KEYS */;
INSERT INTO `sys_user_role` VALUES (1,1),(2,2),(100,100),(101,101),(102,101);
/*!40000 ALTER TABLE `sys_user_role` ENABLE KEYS */;
UNLOCK TABLES;
/*!40103 SET TIME_ZONE=@OLD_TIME_ZONE */;

/*!40101 SET SQL_MODE=@OLD_SQL_MODE */;
/*!40014 SET FOREIGN_KEY_CHECKS=@OLD_FOREIGN_KEY_CHECKS */;
/*!40014 SET UNIQUE_CHECKS=@OLD_UNIQUE_CHECKS */;
/*!40101 SET CHARACTER_SET_CLIENT=@OLD_CHARACTER_SET_CLIENT */;
/*!40101 SET CHARACTER_SET_RESULTS=@OLD_CHARACTER_SET_RESULTS */;
/*!40101 SET COLLATION_CONNECTION=@OLD_COLLATION_CONNECTION */;
/*!40111 SET SQL_NOTES=@OLD_SQL_NOTES */;

-- Dump completed on 2025-12-16 11:08:11
